"year","scenario","sector","annual_impacts"
2010,"Ref-1.5","Ozone and PM2.5 Mortality",0.039642024212057
2010,"Ref-1.5","Coastal Properties",0.000779488704844677
2010,"Ref-1.5","Electricity Demand and Supply",0.00278934783674523
2010,"Ref-1.5","Electricity Transmission and Distribution",0.0097007258062185
2010,"Ref-1.5","Extreme Temperature Mortality",0.00107128030076842
2010,"Ref-1.5","High Tide Flooding and Traffic",0.000130691798837235
2010,"Ref-1.5","Inland Flooding Damages",0.000226943430074324
2010,"Ref-1.5","Labor (lost wages)",0.0100570090652181
2010,"Ref-1.5","Rail",0.00418389095454275
2010,"Ref-1.5","Roads",0.0131911942119656
2010,"Ref-1.5","Southwest Dust Health Effects",0.00262474240208077
2010,"Ref-1.5","Urban Drainage",0.00757283035584777
2010,"Ref-1.5","Valley Fever",0.00215933624842979
2010,"Ref-1.5","Water Quality",0.00158151577805149
2010,"Ref-1.5","Wildfire Health Effects & Suppression",0.0102333993460446
2010,"Ref-1.5","Tropical Storm Wind Damages",0.0256971636241436
2010,"Ref-1.5","Winter Recreation",0.00178729749365819
2011,"Ref-1.5","Ozone and PM2.5 Mortality",0.0633789207208508
2011,"Ref-1.5","Coastal Properties",0.00182058111075323
2011,"Ref-1.5","Electricity Demand and Supply",0.00432843990864751
2011,"Ref-1.5","Electricity Transmission and Distribution",0.0153962812181359
2011,"Ref-1.5","Extreme Temperature Mortality",0.00171907754248507
2011,"Ref-1.5","High Tide Flooding and Traffic",0.000322236769102702
2011,"Ref-1.5","Inland Flooding Damages",0.000357906237340534
2011,"Ref-1.5","Labor (lost wages)",0.016060592488357
2011,"Ref-1.5","Rail",0.00672949823067492
2011,"Ref-1.5","Roads",0.0208448201485769
2011,"Ref-1.5","Southwest Dust Health Effects",0.00420499019225484
2011,"Ref-1.5","Urban Drainage",0.0119429023250022
2011,"Ref-1.5","Valley Fever",0.0034660621310072
2011,"Ref-1.5","Water Quality",0.00251439152527483
2011,"Ref-1.5","Wildfire Health Effects & Suppression",0.0163446060007715
2011,"Ref-1.5","Tropical Storm Wind Damages",0.0405262894811447
2011,"Ref-1.5","Winter Recreation",0.00283496212346845
2012,"Ref-1.5","Ozone and PM2.5 Mortality",0.0900149560915953
2012,"Ref-1.5","Coastal Properties",0.00309647854091288
2012,"Ref-1.5","Electricity Demand and Supply",0.00596650737475313
2012,"Ref-1.5","Electricity Transmission and Distribution",0.0217112845769103
2012,"Ref-1.5","Extreme Temperature Mortality",0.00245044961555635
2012,"Ref-1.5","High Tide Flooding and Traffic",0.000579835894517489
2012,"Ref-1.5","Inland Flooding Damages",0.000501529435424905
2012,"Ref-1.5","Labor (lost wages)",0.0227810532061965
2012,"Ref-1.5","Rail",0.00961380916583388
2012,"Ref-1.5","Roads",0.0292675233601574
2012,"Ref-1.5","Southwest Dust Health Effects",0.00598394136200275
2012,"Ref-1.5","Urban Drainage",0.0167354363670749
2012,"Ref-1.5","Valley Fever",0.00494193992174158
2012,"Ref-1.5","Water Quality",0.00355173022577687
2012,"Ref-1.5","Wildfire Health Effects & Suppression",0.0231915613950422
2012,"Ref-1.5","Tropical Storm Wind Damages",0.0567889714199454
2012,"Ref-1.5","Winter Recreation",0.00399533242622524
2013,"Ref-1.5","Ozone and PM2.5 Mortality",0.115962881690793
2013,"Ref-1.5","Coastal Properties",0.0045327481997286
2013,"Ref-1.5","Electricity Demand and Supply",0.00745959946436814
2013,"Ref-1.5","Electricity Transmission and Distribution",0.0277756241970528
2013,"Ref-1.5","Extreme Temperature Mortality",0.00316817219298665
2013,"Ref-1.5","High Tide Flooding and Traffic",0.000899894042347138
2013,"Ref-1.5","Inland Flooding Damages",0.0006376016332676
2013,"Ref-1.5","Labor (lost wages)",0.0293064277938004
2013,"Ref-1.5","Rail",0.012455903968839
2013,"Ref-1.5","Roads",0.0372818903385657
2013,"Ref-1.5","Southwest Dust Health Effects",0.00772339628995899
2013,"Ref-1.5","Urban Drainage",0.0212760025780889
2013,"Ref-1.5","Valley Fever",0.00639084711666738
2013,"Ref-1.5","Water Quality",0.00455140164051271
2013,"Ref-1.5","Wildfire Health Effects & Suppression",0.0298496388198473
2013,"Ref-1.5","Tropical Storm Wind Damages",0.0721966416552151
2013,"Ref-1.5","Winter Recreation",0.00510815876423093
2014,"Ref-1.5","Ozone and PM2.5 Mortality",0.0934816465688559
2014,"Ref-1.5","Coastal Properties",0.000611662827084469
2014,"Ref-1.5","Electricity Demand and Supply",0.00583550828041624
2014,"Ref-1.5","Electricity Transmission and Distribution",0.0222390557214638
2014,"Ref-1.5","Extreme Temperature Mortality",0.00256302734950092
2014,"Ref-1.5","High Tide Flooding and Traffic",0.000445166429877908
2014,"Ref-1.5","Inland Flooding Damages",0.000507333590100217
2014,"Ref-1.5","Labor (lost wages)",0.023588522198287
2014,"Ref-1.5","Rail",0.0100970220870811
2014,"Ref-1.5","Roads",0.0297234618767335
2014,"Ref-1.5","Southwest Dust Health Effects",0.00623731266682737
2014,"Ref-1.5","Urban Drainage",0.0169291140545336
2014,"Ref-1.5","Valley Fever",0.00517117044861959
2014,"Ref-1.5","Water Quality",0.00365017974139004
2014,"Ref-1.5","Wildfire Health Effects & Suppression",0.0240419236746914
2014,"Ref-1.5","Tropical Storm Wind Damages",0.057446185036377
2014,"Ref-1.5","Winter Recreation",0.00408740207941177
2015,"Ref-1.5","Ozone and PM2.5 Mortality",0.0668116861327839
2015,"Ref-1.5","Coastal Properties",0.00072880350449589
2015,"Ref-1.5","Electricity Demand and Supply",0.00404685989028597
2015,"Ref-1.5","Electricity Transmission and Distribution",0.0157890495424735
2015,"Ref-1.5","Extreme Temperature Mortality",0.00183821354134883
2015,"Ref-1.5","High Tide Flooding and Traffic",0.000558194947928081
2015,"Ref-1.5","Inland Flooding Damages",0.000357965958095126
2015,"Ref-1.5","Labor (lost wages)",0.0168308569505009
2015,"Ref-1.5","Rail",0.00725550886763271
2015,"Ref-1.5","Roads",0.0210137262600059
2015,"Ref-1.5","Southwest Dust Health Effects",0.00446551398879969
2015,"Ref-1.5","Urban Drainage",0.0119448951350216
2015,"Ref-1.5","Valley Fever",0.00370941481406284
2015,"Ref-1.5","Water Quality",0.00259573652156025
2015,"Ref-1.5","Wildfire Health Effects & Suppression",0.0171686080797411
2015,"Ref-1.5","Tropical Storm Wind Damages",0.040533051756654
2015,"Ref-1.5","Winter Recreation",0.00290011168492765
2016,"Ref-1.5","Ozone and PM2.5 Mortality",-0.00234710064269272
2016,"Ref-1.5","Coastal Properties",0.000707742440562598
2016,"Ref-1.5","Electricity Demand and Supply",-0.000139637432988282
2016,"Ref-1.5","Electricity Transmission and Distribution",-0.000555160451257031
2016,"Ref-1.5","Extreme Temperature Mortality",-6.47956962256391e-05
2016,"Ref-1.5","High Tide Flooding and Traffic",0.000601794408604639
2016,"Ref-1.5","Inland Flooding Damages",-1.23860096108985e-05
2016,"Ref-1.5","Labor (lost wages)",-0.000593777933594719
2016,"Ref-1.5","Rail",-0.000257470233592016
2016,"Ref-1.5","Roads",-0.000728838891494554
2016,"Ref-1.5","Southwest Dust Health Effects",-0.000157315302714456
2016,"Ref-1.5","Urban Drainage",-0.000413306300777183
2016,"Ref-1.5","Valley Fever",-0.000130782985327427
2016,"Ref-1.5","Water Quality",-9.0448185746439e-05
2016,"Ref-1.5","Wildfire Health Effects & Suppression",-0.000602425319342181
2016,"Ref-1.5","Tropical Storm Wind Damages",-0.00140248746358651
2016,"Ref-1.5","Winter Recreation",-0.000100840675363534
2017,"Ref-1.5","Ozone and PM2.5 Mortality",-0.0684402326499693
2017,"Ref-1.5","Coastal Properties",0.000594070051271878
2017,"Ref-1.5","Electricity Demand and Supply",-0.00400053368954545
2017,"Ref-1.5","Electricity Transmission and Distribution",-0.0162034171381333
2017,"Ref-1.5","Extreme Temperature Mortality",-0.00189576712560025
2017,"Ref-1.5","High Tide Flooding and Traffic",0.000560720769366529
2017,"Ref-1.5","Inland Flooding Damages",-0.000355841702516999
2017,"Ref-1.5","Labor (lost wages)",-0.0173819511032063
2017,"Ref-1.5","Rail",-0.00758142978798482
2017,"Ref-1.5","Roads",-0.0209890766487333
2017,"Ref-1.5","Southwest Dust Health Effects",-0.00459982741598308
2017,"Ref-1.5","Urban Drainage",-0.0118740112715487
2017,"Ref-1.5","Valley Fever",-0.00382712620789827
2017,"Ref-1.5","Water Quality",-0.00261669221503052
2017,"Ref-1.5","Wildfire Health Effects & Suppression",-0.0175469693381394
2017,"Ref-1.5","Tropical Storm Wind Damages",-0.0402925189370462
2017,"Ref-1.5","Winter Recreation",-0.00291123669477222
2018,"Ref-1.5","Ozone and PM2.5 Mortality",-0.0507653440715181
2018,"Ref-1.5","Coastal Properties",0.000511283413969998
2018,"Ref-1.5","Electricity Demand and Supply",-0.00291631195330488
2018,"Ref-1.5","Electricity Transmission and Distribution",-0.0120307109948659
2018,"Ref-1.5","Extreme Temperature Mortality",-0.00141084102374217
2018,"Ref-1.5","High Tide Flooding and Traffic",0.000536697911710848
2018,"Ref-1.5","Inland Flooding Damages",-0.000260127113276609
2018,"Ref-1.5","Labor (lost wages)",-0.0129393655534566
2018,"Ref-1.5","Rail",-0.00567703515734652
2018,"Ref-1.5","Roads",-0.015379987334569
2018,"Ref-1.5","Southwest Dust Health Effects",-0.0034210397469836
2018,"Ref-1.5","Urban Drainage",-0.0086801301062116
2018,"Ref-1.5","Valley Fever",-0.00284866586313948
2018,"Ref-1.5","Water Quality",-0.00192614149996323
2018,"Ref-1.5","Wildfire Health Effects & Suppression",-0.0130018268728902
2018,"Ref-1.5","Tropical Storm Wind Damages",-0.0294546045714617
2018,"Ref-1.5","Winter Recreation",-0.00213848794585358
2019,"Ref-1.5","Ozone and PM2.5 Mortality",-0.0430594567851106
2019,"Ref-1.5","Coastal Properties",0.000443264701539103
2019,"Ref-1.5","Electricity Demand and Supply",-0.00243174350260178
2019,"Ref-1.5","Electricity Transmission and Distribution",-0.0102151235750583
2019,"Ref-1.5","Extreme Temperature Mortality",-0.00120061263910692
2019,"Ref-1.5","High Tide Flooding and Traffic",0.000517681856516128
2019,"Ref-1.5","Inland Flooding Damages",-0.00021751315897299
2019,"Ref-1.5","Labor (lost wages)",-0.0110115590081215
2019,"Ref-1.5","Rail",-0.00485979535184544
2019,"Ref-1.5","Roads",-0.01289102101547
2019,"Ref-1.5","Southwest Dust Health Effects",-0.00290934302011425
2019,"Ref-1.5","Urban Drainage",-0.00725815350780357
2019,"Ref-1.5","Valley Fever",-0.00242455777212136
2019,"Ref-1.5","Water Quality",-0.00162171545558798
2019,"Ref-1.5","Wildfire Health Effects & Suppression",-0.0110174609455078
2019,"Ref-1.5","Tropical Storm Wind Damages",-0.024629359108129
2019,"Ref-1.5","Winter Recreation",-0.00179676638264026
2020,"Ref-1.5","Ozone and PM2.5 Mortality",0.0225435253574755
2020,"Ref-1.5","Coastal Properties",0.000469346223844092
2020,"Ref-1.5","Electricity Demand and Supply",0.0012518901078834
2020,"Ref-1.5","Electricity Transmission and Distribution",0.00535381873488916
2020,"Ref-1.5","Extreme Temperature Mortality",0.000630611356475574
2020,"Ref-1.5","High Tide Flooding and Traffic",0.000603942987401629
2020,"Ref-1.5","Inland Flooding Damages",0.000112293216661494
2020,"Ref-1.5","Labor (lost wages)",0.00578250145824422
2020,"Ref-1.5","Rail",0.00256713444189249
2020,"Ref-1.5","Roads",0.00667089777911478
2020,"Ref-1.5","Southwest Dust Health Effects",0.00152705624605021
2020,"Ref-1.5","Urban Drainage",0.00374709009909857
2020,"Ref-1.5","Valley Fever",0.00127364675338593
2020,"Ref-1.5","Water Quality",0.000842962819684212
2020,"Ref-1.5","Wildfire Health Effects & Suppression",0.00576280832538068
2020,"Ref-1.5","Tropical Storm Wind Damages",0.0127151385764908
2020,"Ref-1.5","Winter Recreation",0.000932028600916124
2021,"Ref-1.5","Ozone and PM2.5 Mortality",0.0487802827829409
2021,"Ref-1.5","Coastal Properties",0.000503092413240758
2021,"Ref-1.5","Electricity Demand and Supply",0.00267570791400384
2021,"Ref-1.5","Electricity Transmission and Distribution",0.0114772447342202
2021,"Ref-1.5","Extreme Temperature Mortality",0.00136893346299316
2021,"Ref-1.5","High Tide Flooding and Traffic",0.000715921162789401
2021,"Ref-1.5","Inland Flooding Damages",0.000239653402401591
2021,"Ref-1.5","Labor (lost wages)",0.0125538875265052
2021,"Ref-1.5","Rail",0.00560540290536915
2021,"Ref-1.5","Roads",0.0142639256566781
2021,"Ref-1.5","Southwest Dust Health Effects",0.003313741177146
2021,"Ref-1.5","Urban Drainage",0.00799694690433084
2021,"Ref-1.5","Valley Fever",0.0027650442183289
2021,"Ref-1.5","Water Quality",0.00181103612980671
2021,"Ref-1.5","Wildfire Health Effects & Suppression",0.0124586445551778
2021,"Ref-1.5","Tropical Storm Wind Damages",0.0271363338986781
2021,"Ref-1.5","Winter Recreation",0.00199833484752976
2022,"Ref-1.5","Ozone and PM2.5 Mortality",0.0538795076517147
2022,"Ref-1.5","Coastal Properties",0.000540476027059089
2022,"Ref-1.5","Electricity Demand and Supply",0.00291996390745564
2022,"Ref-1.5","Electricity Transmission and Distribution",0.0125623298678565
2022,"Ref-1.5","Extreme Temperature Mortality",0.00151685597761658
2022,"Ref-1.5","High Tide Flooding and Traffic",0.000850342458303066
2022,"Ref-1.5","Inland Flooding Damages",0.000261144515570882
2022,"Ref-1.5","Labor (lost wages)",0.0139086199109126
2022,"Ref-1.5","Rail",0.00624612240145384
2022,"Ref-1.5","Roads",0.0155725433662539
2022,"Ref-1.5","Southwest Dust Health Effects",0.00367040976852806
2022,"Ref-1.5","Urban Drainage",0.00871407960180903
2022,"Ref-1.5","Valley Fever",0.00306399946687408
2022,"Ref-1.5","Water Quality",0.00198652372718
2022,"Ref-1.5","Wildfire Health Effects & Suppression",0.0137494998460372
2022,"Ref-1.5","Tropical Storm Wind Damages",0.0295698066428507
2022,"Ref-1.5","Winter Recreation",0.00218755952629812
2023,"Ref-1.5","Ozone and PM2.5 Mortality",0.167410408702558
2023,"Ref-1.5","Coastal Properties",0.000701112851565266
2023,"Ref-1.5","Electricity Demand and Supply",0.00896603943328
2023,"Ref-1.5","Electricity Transmission and Distribution",0.0386882856506499
2023,"Ref-1.5","Extreme Temperature Mortality",0.00472792924080134
2023,"Ref-1.5","High Tide Flooding and Traffic",0.00121906630844637
2023,"Ref-1.5","Inland Flooding Damages",0.000800688418807594
2023,"Ref-1.5","Labor (lost wages)",0.0433373247351021
2023,"Ref-1.5","Rail",0.0195743440372262
2023,"Ref-1.5","Roads",0.0478369851912523
2023,"Ref-1.5","Southwest Dust Health Effects",0.0114357912204102
2023,"Ref-1.5","Urban Drainage",0.0267180132138369
2023,"Ref-1.5","Valley Fever",0.00955063529313027
2023,"Ref-1.5","Water Quality",0.0061309399101348
2023,"Ref-1.5","Wildfire Health Effects & Suppression",0.0426878095984105
2023,"Ref-1.5","Tropical Storm Wind Damages",0.0906632163940984
2023,"Ref-1.5","Winter Recreation",0.00673787230584644
2024,"Ref-1.5","Ozone and PM2.5 Mortality",0.261639668370933
2024,"Ref-1.5","Coastal Properties",0.000920587762949232
2024,"Ref-1.5","Electricity Demand and Supply",0.0582979956843017
2024,"Ref-1.5","Electricity Transmission and Distribution",0.0242547769960186
2024,"Ref-1.5","Extreme Temperature Mortality",0.0251544050064902
2024,"Ref-1.5","High Tide Flooding and Traffic",0.00177298251509539
2024,"Ref-1.5","Inland Flooding Damages",0.0037698322293976
2024,"Ref-1.5","Labor (lost wages)",0.0667559501257822
2024,"Ref-1.5","Rail",0.0247900495137783
2024,"Ref-1.5","Roads",0.0675104076602393
2024,"Ref-1.5","Southwest Dust Health Effects",0.0172060543668311
2024,"Ref-1.5","Urban Drainage",0.0179038950071564
2024,"Ref-1.5","Valley Fever",0.0143093726408758
2024,"Ref-1.5","Water Quality",0.00884740949175489
2024,"Ref-1.5","Wildfire Health Effects & Suppression",0.0575484999645628
2024,"Ref-1.5","Tropical Storm Wind Damages",0.147013287786152
2024,"Ref-1.5","Winter Recreation",0.00944310829486961
2025,"Ref-1.5","Ozone and PM2.5 Mortality",0.368844413119422
2025,"Ref-1.5","Coastal Properties",0.00123776982174384
2025,"Ref-1.5","Electricity Demand and Supply",0.0812241053614995
2025,"Ref-1.5","Electricity Transmission and Distribution",0.0339113590563169
2025,"Ref-1.5","Extreme Temperature Mortality",0.035533316682502
2025,"Ref-1.5","High Tide Flooding and Traffic",0.00260008374254728
2025,"Ref-1.5","Inland Flooding Damages",0.00524651843366288
2025,"Ref-1.5","Labor (lost wages)",0.094327500262283
2025,"Ref-1.5","Rail",0.0352308357147746
2025,"Ref-1.5","Roads",0.0941564488468982
2025,"Ref-1.5","Southwest Dust Health Effects",0.0243195285653734
2025,"Ref-1.5","Urban Drainage",0.0249170545195447
2025,"Ref-1.5","Valley Fever",0.0202327093852044
2025,"Ref-1.5","Water Quality",0.0123933965481585
2025,"Ref-1.5","Wildfire Health Effects & Suppression",0.0812103180229142
2025,"Ref-1.5","Tropical Storm Wind Damages",0.204600066376667
2025,"Ref-1.5","Winter Recreation",0.0132211797897567
2026,"Ref-1.5","Ozone and PM2.5 Mortality",0.558919373827148
2026,"Ref-1.5","Coastal Properties",0.00166528535151089
2026,"Ref-1.5","Electricity Demand and Supply",0.121375383467618
2026,"Ref-1.5","Electricity Transmission and Distribution",0.0509239321039363
2026,"Ref-1.5","Extreme Temperature Mortality",0.0539506166776142
2026,"Ref-1.5","High Tide Flooding and Traffic",0.00390669082036554
2026,"Ref-1.5","Inland Flooding Damages",0.00784833336251356
2026,"Ref-1.5","Labor (lost wages)",0.143446105625066
2026,"Ref-1.5","Rail",0.0538557256194259
2026,"Ref-1.5","Roads",0.14117982795231
2026,"Ref-1.5","Southwest Dust Health Effects",0.0369671296020226
2026,"Ref-1.5","Urban Drainage",0.0372737373848757
2026,"Ref-1.5","Valley Fever",0.0307512400440075
2026,"Ref-1.5","Water Quality",0.0186505343109346
2026,"Ref-1.5","Wildfire Health Effects & Suppression",0.123185249126749
2026,"Ref-1.5","Tropical Storm Wind Damages",0.306063830179887
2026,"Ref-1.5","Winter Recreation",0.0198872797819311
2027,"Ref-1.5","Ozone and PM2.5 Mortality",0.881400791520363
2027,"Ref-1.5","Coastal Properties",0.00231956129566502
2027,"Ref-1.5","Electricity Demand and Supply",0.188795519116793
2027,"Ref-1.5","Electricity Transmission and Distribution",0.0795990973177956
2027,"Ref-1.5","Extreme Temperature Mortality",0.0852455205858524
2027,"Ref-1.5","High Tide Flooding and Traffic",0.00606705545142128
2027,"Ref-1.5","Inland Flooding Damages",0.0122207977916455
2027,"Ref-1.5","Labor (lost wages)",0.226962540459924
2027,"Ref-1.5","Rail",0.0856559291308669
2027,"Ref-1.5","Roads",0.220347806307338
2027,"Ref-1.5","Southwest Dust Health Effects",0.058475462139111
2027,"Ref-1.5","Urban Drainage",0.0580396864505257
2027,"Ref-1.5","Valley Fever",0.0486374035998207
2027,"Ref-1.5","Water Quality",0.0292141109180493
2027,"Ref-1.5","Wildfire Health Effects & Suppression",0.194456310457712
2027,"Ref-1.5","Tropical Storm Wind Damages",0.476578148149292
2027,"Ref-1.5","Winter Recreation",0.0311371536063969
2028,"Ref-1.5","Ozone and PM2.5 Mortality",1.12647916337467
2028,"Ref-1.5","Coastal Properties",0.00310951522925906
2028,"Ref-1.5","Electricity Demand and Supply",0.238051748861
2028,"Ref-1.5","Electricity Transmission and Distribution",0.100857249282899
2028,"Ref-1.5","Extreme Temperature Mortality",0.109161233638534
2028,"Ref-1.5","High Tide Flooding and Traffic",0.00905146031726334
2028,"Ref-1.5","Inland Flooding Damages",0.0154255547341956
2028,"Ref-1.5","Labor (lost wages)",0.290969213744633
2028,"Ref-1.5","Rail",0.110385263200373
2028,"Ref-1.5","Roads",0.278779970981852
2028,"Ref-1.5","Southwest Dust Health Effects",0.0749612019231554
2028,"Ref-1.5","Urban Drainage",0.0732598947599246
2028,"Ref-1.5","Valley Fever",0.0623425905353456
2028,"Ref-1.5","Water Quality",0.0370935114104448
2028,"Ref-1.5","Wildfire Health Effects & Suppression",0.24877584989926
2028,"Ref-1.5","Tropical Storm Wind Damages",0.601555024044732
2028,"Ref-1.5","Winter Recreation",0.0395170285782582
2029,"Ref-1.5","Ozone and PM2.5 Mortality",1.41036366275917
2029,"Ref-1.5","Coastal Properties",0.00404802203877663
2029,"Ref-1.5","Electricity Demand and Supply",0.294102562250645
2029,"Ref-1.5","Electricity Transmission and Distribution",0.125212596383253
2029,"Ref-1.5","Extreme Temperature Mortality",0.136936701402767
2029,"Ref-1.5","High Tide Flooding and Traffic",0.0130703570951334
2029,"Ref-1.5","Inland Flooding Damages",0.019077886155176
2029,"Ref-1.5","Labor (lost wages)",0.365346589264595
2029,"Ref-1.5","Rail",0.139325229042957
2029,"Ref-1.5","Roads",0.345589296750742
2029,"Ref-1.5","Southwest Dust Health Effects",0.0941320632374336
2029,"Ref-1.5","Urban Drainage",0.0906057484514093
2029,"Ref-1.5","Valley Fever",0.0782778977451621
2029,"Ref-1.5","Water Quality",0.0461462496934839
2029,"Ref-1.5","Wildfire Health Effects & Suppression",0.311781167372335
2029,"Ref-1.5","Tropical Storm Wind Damages",0.743986097262281
2029,"Ref-1.5","Winter Recreation",0.0491383767976743
2030,"Ref-1.5","Ozone and PM2.5 Mortality",1.78624453752868
2030,"Ref-1.5","Coastal Properties",0.00527015604886394
2030,"Ref-1.5","Electricity Demand and Supply",0.367632735894589
2030,"Ref-1.5","Electricity Transmission and Distribution",0.157279128964896
2030,"Ref-1.5","Extreme Temperature Mortality",0.173767901470216
2030,"Ref-1.5","High Tide Flooding and Traffic",0.0185449795911672
2030,"Ref-1.5","Inland Flooding Damages",0.0238730629398825
2030,"Ref-1.5","Labor (lost wages)",0.463955683331865
2030,"Ref-1.5","Rail",0.177852893176627
2030,"Ref-1.5","Roads",0.433456068643683
2030,"Ref-1.5","Southwest Dust Health Effects",0.119569617174716
2030,"Ref-1.5","Urban Drainage",0.113379266334947
2030,"Ref-1.5","Valley Fever",0.0994208142474942
2030,"Ref-1.5","Water Quality",0.0580829168342243
2030,"Ref-1.5","Wildfire Health Effects & Suppression",0.395266987637927
2030,"Ref-1.5","Tropical Storm Wind Damages",0.930985056828213
2030,"Ref-1.5","Winter Recreation",0.0618199850915616
2031,"Ref-1.5","Ozone and PM2.5 Mortality",2.17898699239944
2031,"Ref-1.5","Coastal Properties",0.00683852720192268
2031,"Ref-1.5","Electricity Demand and Supply",0.443801260119146
2031,"Ref-1.5","Electricity Transmission and Distribution",0.190772093633997
2031,"Ref-1.5","Extreme Temperature Mortality",0.212352173537749
2031,"Ref-1.5","High Tide Flooding and Traffic",0.0263496004636954
2031,"Ref-1.5","Inland Flooding Damages",0.0287828291843827
2031,"Ref-1.5","Labor (lost wages)",0.567973511078017
2031,"Ref-1.5","Rail",0.218715717262588
2031,"Ref-1.5","Roads",0.524689416066619
2031,"Ref-1.5","Southwest Dust Health Effects",0.146216488118321
2031,"Ref-1.5","Urban Drainage",0.136696998796827
2031,"Ref-1.5","Valley Fever",0.121617222358364
2031,"Ref-1.5","Water Quality",0.0703904332755353
2031,"Ref-1.5","Wildfire Health Effects & Suppression",0.482633833766458
2031,"Ref-1.5","Tropical Storm Wind Damages",1.12245269621998
2031,"Ref-1.5","Winter Recreation",0.0748910571674133
2032,"Ref-1.5","Ozone and PM2.5 Mortality",2.50458358907567
2032,"Ref-1.5","Coastal Properties",0.00862357935420999
2032,"Ref-1.5","Electricity Demand and Supply",0.504905605567615
2032,"Ref-1.5","Electricity Transmission and Distribution",0.218067479584953
2032,"Ref-1.5","Extreme Temperature Mortality",0.244516692066593
2032,"Ref-1.5","High Tide Flooding and Traffic",0.0363383283757157
2032,"Ref-1.5","Inland Flooding Damages",0.0327044475469855
2032,"Ref-1.5","Labor (lost wages)",0.655027610591828
2032,"Ref-1.5","Rail",0.253384646263415
2032,"Ref-1.5","Roads",0.598550284016199
2032,"Ref-1.5","Southwest Dust Health Effects",0.168468967232505
2032,"Ref-1.5","Urban Drainage",0.155321764873861
2032,"Ref-1.5","Valley Fever",0.140172926471423
2032,"Ref-1.5","Water Quality",0.0803924699153042
2032,"Ref-1.5","Wildfire Health Effects & Suppression",0.555277347539992
2032,"Ref-1.5","Tropical Storm Wind Damages",1.27538523375659
2032,"Ref-1.5","Winter Recreation",0.0854998252475284
2033,"Ref-1.5","Ozone and PM2.5 Mortality",3.0044479315298
2033,"Ref-1.5","Coastal Properties",0.0107449518688618
2033,"Ref-1.5","Electricity Demand and Supply",0.599594030879016
2033,"Ref-1.5","Electricity Transmission and Distribution",0.260182208279074
2033,"Ref-1.5","Extreme Temperature Mortality",0.293836741068366
2033,"Ref-1.5","High Tide Flooding and Traffic",0.0494375899471962
2033,"Ref-1.5","Inland Flooding Damages",0.0387887954064569
2033,"Ref-1.5","Labor (lost wages)",0.78823590709571
2033,"Ref-1.5","Rail",0.306299529060206
2033,"Ref-1.5","Roads",0.712718928079568
2033,"Ref-1.5","Southwest Dust Health Effects",0.202569001049855
2033,"Ref-1.5","Urban Drainage",0.184217885081418
2033,"Ref-1.5","Valley Fever",0.16860322515168
2033,"Ref-1.5","Water Quality",0.0958367035338167
2033,"Ref-1.5","Wildfire Health Effects & Suppression",0.666727105977642
2033,"Ref-1.5","Tropical Storm Wind Damages",1.51265838768645
2033,"Ref-1.5","Winter Recreation",0.101885638858087
2034,"Ref-1.5","Ozone and PM2.5 Mortality",3.55189073604413
2034,"Ref-1.5","Coastal Properties",0.013229318326065
2034,"Ref-1.5","Electricity Demand and Supply",0.701850444603542
2034,"Ref-1.5","Electricity Transmission and Distribution",0.305977734874073
2034,"Ref-1.5","Extreme Temperature Mortality",0.347990205796726
2034,"Ref-1.5","High Tide Flooding and Traffic",0.0664022595352307
2034,"Ref-1.5","Inland Flooding Damages",0.0453467981888091
2034,"Ref-1.5","Labor (lost wages)",0.934628919686382
2034,"Ref-1.5","Rail",0.364836942755732
2034,"Ref-1.5","Roads",0.836507872040214
2034,"Ref-1.5","Southwest Dust Health Effects",0.240034364466
2034,"Ref-1.5","Urban Drainage",0.215363513355344
2034,"Ref-1.5","Valley Fever",0.199856407773733
2034,"Ref-1.5","Water Quality",0.112610260258521
2034,"Ref-1.5","Wildfire Health Effects & Suppression",0.788950298842176
2034,"Ref-1.5","Tropical Storm Wind Damages",1.76840280591971
2034,"Ref-1.5","Winter Recreation",0.119670765415977
2035,"Ref-1.5","Ozone and PM2.5 Mortality",4.08645713834607
2035,"Ref-1.5","Coastal Properties",0.0158694338119525
2035,"Ref-1.5","Electricity Demand and Supply",0.799642875133213
2035,"Ref-1.5","Electricity Transmission and Distribution",0.350228767553071
2035,"Ref-1.5","Extreme Temperature Mortality",0.401067982429759
2035,"Ref-1.5","High Tide Flooding and Traffic",0.087620674064389
2035,"Ref-1.5","Inland Flooding Damages",0.0516002570983201
2035,"Ref-1.5","Labor (lost wages)",1.07829814329755
2035,"Ref-1.5","Rail",0.422831600156637
2035,"Ref-1.5","Roads",0.95560839725164
2035,"Ref-1.5","Southwest Dust Health Effects",0.276788620231901
2035,"Ref-1.5","Urban Drainage",0.245062785082716
2035,"Ref-1.5","Valley Fever",0.230540744066245
2035,"Ref-1.5","Water Quality",0.128788715897991
2035,"Ref-1.5","Wildfire Health Effects & Suppression",0.908533924377961
2035,"Ref-1.5","Tropical Storm Wind Damages",2.01227083462241
2035,"Ref-1.5","Winter Recreation",0.136809010592302
2036,"Ref-1.5","Ozone and PM2.5 Mortality",4.60995061502168
2036,"Ref-1.5","Coastal Properties",0.0185701031667187
2036,"Ref-1.5","Electricity Demand and Supply",0.893096351386258
2036,"Ref-1.5","Electricity Transmission and Distribution",0.393158950441289
2036,"Ref-1.5","Extreme Temperature Mortality",0.453186486205768
2036,"Ref-1.5","High Tide Flooding and Traffic",0.11385296890482
2036,"Ref-1.5","Inland Flooding Damages",0.0575206025373212
2036,"Ref-1.5","Labor (lost wages)",1.22291049032369
2036,"Ref-1.5","Rail",0.481399669040877
2036,"Ref-1.5","Roads",1.06525759421302
2036,"Ref-1.5","Southwest Dust Health Effects",0.313113468572525
2036,"Ref-1.5","Urban Drainage",0.273180015955596
2036,"Ref-1.5","Valley Fever",0.260708952201471
2036,"Ref-1.5","Water Quality",0.144212226966522
2036,"Ref-1.5","Wildfire Health Effects & Suppression",1.02573388839932
2036,"Ref-1.5","Tropical Storm Wind Damages",2.24314833655219
2036,"Ref-1.5","Winter Recreation",0.153138852515625
2037,"Ref-1.5","Ozone and PM2.5 Mortality",5.24557552716942
2037,"Ref-1.5","Coastal Properties",0.0215316670562808
2037,"Ref-1.5","Electricity Demand and Supply",1.00631763012402
2037,"Ref-1.5","Electricity Transmission and Distribution",0.445245387366236
2037,"Ref-1.5","Extreme Temperature Mortality",0.516513729918375
2037,"Ref-1.5","High Tide Flooding and Traffic",0.14638493821111
2037,"Ref-1.5","Inland Flooding Damages",0.0646890981921683
2037,"Ref-1.5","Labor (lost wages)",1.39859666783156
2037,"Ref-1.5","Rail",0.55270164187258
2037,"Ref-1.5","Roads",1.1980237535548
2037,"Ref-1.5","Southwest Dust Health Effects",0.357262402376361
2037,"Ref-1.5","Urban Drainage",0.307225030628349
2037,"Ref-1.5","Valley Fever",0.297371744587106
2037,"Ref-1.5","Water Quality",0.162912242402772
2037,"Ref-1.5","Wildfire Health Effects & Suppression",1.16808741790646
2037,"Ref-1.5","Tropical Storm Wind Damages",2.52270033000212
2037,"Ref-1.5","Winter Recreation",0.172934321334087
2038,"Ref-1.5","Ozone and PM2.5 Mortality",5.89789863844992
2038,"Ref-1.5","Coastal Properties",0.0247405173910327
2038,"Ref-1.5","Electricity Demand and Supply",1.12063100570308
2038,"Ref-1.5","Electricity Transmission and Distribution",0.498312925747358
2038,"Ref-1.5","Extreme Temperature Mortality",0.581691237407025
2038,"Ref-1.5","High Tide Flooding and Traffic",0.18621921354567
2038,"Ref-1.5","Inland Flooding Damages",0.0719003713723275
2038,"Ref-1.5","Labor (lost wages)",1.58014545054218
2038,"Ref-1.5","Rail",0.626882678677373
2038,"Ref-1.5","Roads",1.33158404482837
2038,"Ref-1.5","Southwest Dust Health Effects",0.402777256177658
2038,"Ref-1.5","Urban Drainage",0.3414732066821
2038,"Ref-1.5","Valley Fever",0.335149725228268
2038,"Ref-1.5","Water Quality",0.181881725136174
2038,"Ref-1.5","Wildfire Health Effects & Suppression",1.31438517524795
2038,"Ref-1.5","Tropical Storm Wind Damages",2.80392053154647
2038,"Ref-1.5","Winter Recreation",0.193000519023121
2039,"Ref-1.5","Ozone and PM2.5 Mortality",6.71468813665141
2039,"Ref-1.5","Coastal Properties",0.0282748415986394
2039,"Ref-1.5","Electricity Demand and Supply",1.2638478644995
2039,"Ref-1.5","Electricity Transmission and Distribution",0.564794479838103
2039,"Ref-1.5","Extreme Temperature Mortality",0.663324476330394
2039,"Ref-1.5","High Tide Flooding and Traffic",0.235056436427396
2039,"Ref-1.5","Inland Flooding Damages",0.0809351834784632
2039,"Ref-1.5","Labor (lost wages)",1.80729930599272
2039,"Ref-1.5","Rail",0.71980253607033
2039,"Ref-1.5","Roads",1.49891818229838
2039,"Ref-1.5","Southwest Dust Health Effects",0.459782015792985
2039,"Ref-1.5","Urban Drainage",0.384381834311803
2039,"Ref-1.5","Valley Fever",0.382464121948091
2039,"Ref-1.5","Water Quality",0.205646824146471
2039,"Ref-1.5","Wildfire Health Effects & Suppression",1.49759219182224
2039,"Ref-1.5","Tropical Storm Wind Damages",3.15625383218939
2039,"Ref-1.5","Winter Recreation",0.218137917186357
2040,"Ref-1.5","Ozone and PM2.5 Mortality",7.43170111092064
2040,"Ref-1.5","Coastal Properties",0.0334339281253211
2040,"Ref-1.5","Electricity Demand and Supply",1.38591937176099
2040,"Ref-1.5","Electricity Transmission and Distribution",0.622401982054565
2040,"Ref-1.5","Extreme Temperature Mortality",0.735346219817446
2040,"Ref-1.5","High Tide Flooding and Traffic",0.293816897217932
2040,"Ref-1.5","Inland Flooding Damages",0.0885841754507639
2040,"Ref-1.5","Labor (lost wages)",2.00911768796698
2040,"Ref-1.5","Rail",0.803313826929954
2040,"Ref-1.5","Roads",1.64058916549899
2040,"Ref-1.5","Southwest Dust Health Effects",0.510220799336799
2040,"Ref-1.5","Urban Drainage",0.420708848579107
2040,"Ref-1.5","Valley Fever",0.424291989007115
2040,"Ref-1.5","Water Quality",0.226078367594442
2040,"Ref-1.5","Wildfire Health Effects & Suppression",1.65881295918434
2040,"Ref-1.5","Tropical Storm Wind Damages",3.45454388587637
2040,"Ref-1.5","Winter Recreation",0.239720809034293
2041,"Ref-1.5","Ozone and PM2.5 Mortality",8.11410201851698
2041,"Ref-1.5","Coastal Properties",0.0371590326815365
2041,"Ref-1.5","Electricity Demand and Supply",1.50020182305198
2041,"Ref-1.5","Electricity Transmission and Distribution",0.677218489932153
2041,"Ref-1.5","Extreme Temperature Mortality",0.804106244708334
2041,"Ref-1.5","High Tide Flooding and Traffic",0.34982784899894
2041,"Ref-1.5","Inland Flooding Damages",0.0957081225884986
2041,"Ref-1.5","Labor (lost wages)",2.20327442360652
2041,"Ref-1.5","Rail",0.884042508774958
2041,"Ref-1.5","Roads",1.77296363601995
2041,"Ref-1.5","Southwest Dust Health Effects",0.558761300010258
2041,"Ref-1.5","Urban Drainage",0.454542290979
2041,"Ref-1.5","Valley Fever",0.464251517060541
2041,"Ref-1.5","Water Quality",0.245235773318558
2041,"Ref-1.5","Wildfire Health Effects & Suppression",1.81244215504968
2041,"Ref-1.5","Tropical Storm Wind Damages",3.73235860732911
2041,"Ref-1.5","Winter Recreation",0.259941959158317
2042,"Ref-1.5","Ozone and PM2.5 Mortality",8.81416833882427
2042,"Ref-1.5","Coastal Properties",0.0410723594707321
2042,"Ref-1.5","Electricity Demand and Supply",1.61590615765622
2042,"Ref-1.5","Electricity Transmission and Distribution",0.733198267497236
2042,"Ref-1.5","Extreme Temperature Mortality",0.87482790527943
2042,"Ref-1.5","High Tide Flooding and Traffic",0.413331189479472
2042,"Ref-1.5","Inland Flooding Damages",0.102895815251561
2042,"Ref-1.5","Labor (lost wages)",2.40348436224578
2042,"Ref-1.5","Rail",0.967771404817832
2042,"Ref-1.5","Roads",1.90658449095366
2042,"Ref-1.5","Southwest Dust Health Effects",0.608794231357731
2042,"Ref-1.5","Urban Drainage",0.48867847714126
2042,"Ref-1.5","Valley Fever",0.505383214083599
2042,"Ref-1.5","Water Quality",0.264702484878273
2042,"Ref-1.5","Wildfire Health Effects & Suppression",1.97023846707993
2042,"Ref-1.5","Tropical Storm Wind Damages",4.01265923231529
2042,"Ref-1.5","Winter Recreation",0.280475111872233
2043,"Ref-1.5","Ozone and PM2.5 Mortality",9.52499529909011
2043,"Ref-1.5","Coastal Properties",0.0451691385779212
2043,"Ref-1.5","Electricity Demand and Supply",1.73176477609597
2043,"Ref-1.5","Electricity Transmission and Distribution",0.789770167882714
2043,"Ref-1.5","Extreme Temperature Mortality",0.946832950071901
2043,"Ref-1.5","High Tide Flooding and Traffic",0.48535632254978
2043,"Ref-1.5","Inland Flooding Damages",0.110066329236477
2043,"Ref-1.5","Labor (lost wages)",2.6078384052346
2043,"Ref-1.5","Rail",1.05375798115502
2043,"Ref-1.5","Roads",2.03995276932791
2043,"Ref-1.5","Southwest Dust Health Effects",0.659849453593172
2043,"Ref-1.5","Urban Drainage",0.522733077378424
2043,"Ref-1.5","Valley Fever",0.547294778871124
2043,"Ref-1.5","Water Quality",0.284271448929216
2043,"Ref-1.5","Wildfire Health Effects & Suppression",2.130664872335
2043,"Ref-1.5","Tropical Storm Wind Damages",4.29228993519354
2043,"Ref-1.5","Winter Recreation",0.301100325850294
2044,"Ref-1.5","Ozone and PM2.5 Mortality",10.3604846069761
2044,"Ref-1.5","Coastal Properties",0.0495067694757836
2044,"Ref-1.5","Electricity Demand and Supply",1.86833658770116
2044,"Ref-1.5","Electricity Transmission and Distribution",0.856355538268139
2044,"Ref-1.5","Extreme Temperature Mortality",1.03146613433245
2044,"Ref-1.5","High Tide Flooding and Traffic",0.566937888378668
2044,"Ref-1.5","Inland Flooding Damages",0.118523982096004
2044,"Ref-1.5","Labor (lost wages)",2.84760094935797
2044,"Ref-1.5","Rail",1.15470065763655
2044,"Ref-1.5","Roads",2.19724816054145
2044,"Ref-1.5","Southwest Dust Health Effects",0.719844756945664
2044,"Ref-1.5","Urban Drainage",0.56290062850261
2044,"Ref-1.5","Valley Fever",0.596546428357229
2044,"Ref-1.5","Water Quality",0.307324140431463
2044,"Ref-1.5","Wildfire Health Effects & Suppression",2.31922262752658
2044,"Ref-1.5","Tropical Storm Wind Damages",4.62211558211146
2044,"Ref-1.5","Winter Recreation",0.32539754914865
2045,"Ref-1.5","Ozone and PM2.5 Mortality",11.3539751907642
2045,"Ref-1.5","Coastal Properties",0.0554106323858399
2045,"Ref-1.5","Electricity Demand and Supply",2.03110986272022
2045,"Ref-1.5","Electricity Transmission and Distribution",0.935622154937962
2045,"Ref-1.5","Extreme Temperature Mortality",1.13210882324532
2045,"Ref-1.5","High Tide Flooding and Traffic",0.659648634138827
2045,"Ref-1.5","Inland Flooding Damages",0.12860906762525
2045,"Ref-1.5","Labor (lost wages)",3.13227785758645
2045,"Ref-1.5","Rail",1.27462264692663
2045,"Ref-1.5","Roads",2.38479862079045
2045,"Ref-1.5","Southwest Dust Health Effects",0.791176496457325
2045,"Ref-1.5","Urban Drainage",0.610797272561677
2045,"Ref-1.5","Valley Fever",0.655104333175176
2045,"Ref-1.5","Water Quality",0.334785772395875
2045,"Ref-1.5","Wildfire Health Effects & Suppression",2.54343882055384
2045,"Ref-1.5","Tropical Storm Wind Damages",5.01540671313255
2045,"Ref-1.5","Winter Recreation",0.354341633577576
2046,"Ref-1.5","Ozone and PM2.5 Mortality",12.3945357072868
2046,"Ref-1.5","Coastal Properties",0.0623556172982376
2046,"Ref-1.5","Electricity Demand and Supply",2.20209329359432
2046,"Ref-1.5","Electricity Transmission and Distribution",1.01750023654462
2046,"Ref-1.5","Extreme Temperature Mortality",1.23773064026319
2046,"Ref-1.5","High Tide Flooding and Traffic",0.766772236372313
2046,"Ref-1.5","Inland Flooding Damages",0.138980131658482
2046,"Ref-1.5","Labor (lost wages)",3.43470465590249
2046,"Ref-1.5","Rail",1.40235011472477
2046,"Ref-1.5","Roads",2.5834965733965
2046,"Ref-1.5","Southwest Dust Health Effects",0.866339084934134
2046,"Ref-1.5","Urban Drainage",0.660052101494252
2046,"Ref-1.5","Valley Fever",0.7164817845165
2046,"Ref-1.5","Water Quality",0.363142980989881
2046,"Ref-1.5","Wildfire Health Effects & Suppression",2.77820202879864
2046,"Ref-1.5","Tropical Storm Wind Damages",5.41985023437909
2046,"Ref-1.5","Winter Recreation",0.384200517825137
2047,"Ref-1.5","Ozone and PM2.5 Mortality",12.8627013046309
2047,"Ref-1.5","Coastal Properties",0.0698013904488715
2047,"Ref-1.5","Electricity Demand and Supply",2.36600697719714
2047,"Ref-1.5","Electricity Transmission and Distribution",1.09195211915794
2047,"Ref-1.5","Extreme Temperature Mortality",1.50614121580429
2047,"Ref-1.5","High Tide Flooding and Traffic",0.888000238430283
2047,"Ref-1.5","Inland Flooding Damages",0.165131242373083
2047,"Ref-1.5","Labor (lost wages)",3.78258909695791
2047,"Ref-1.5","Rail",1.59894518607432
2047,"Ref-1.5","Roads",2.89773315322478
2047,"Ref-1.5","Southwest Dust Health Effects",0.933496517415183
2047,"Ref-1.5","Urban Drainage",0.642659406716141
2047,"Ref-1.5","Valley Fever",0.76359420577231
2047,"Ref-1.5","Water Quality",0.395361088420311
2047,"Ref-1.5","Wildfire Health Effects & Suppression",2.92434137228455
2047,"Ref-1.5","Tropical Storm Wind Damages",5.72687047528397
2047,"Ref-1.5","Winter Recreation",0.408439714098455
2048,"Ref-1.5","Ozone and PM2.5 Mortality",13.4127254078046
2048,"Ref-1.5","Coastal Properties",0.0778249925155503
2048,"Ref-1.5","Electricity Demand and Supply",2.55705542371863
2048,"Ref-1.5","Electricity Transmission and Distribution",1.17882580133132
2048,"Ref-1.5","Extreme Temperature Mortality",1.81692965380119
2048,"Ref-1.5","High Tide Flooding and Traffic",1.02670404493084
2048,"Ref-1.5","Inland Flooding Damages",0.195060985193767
2048,"Ref-1.5","Labor (lost wages)",4.18656294385448
2048,"Ref-1.5","Rail",1.82795512789408
2048,"Ref-1.5","Roads",3.25895015485656
2048,"Ref-1.5","Southwest Dust Health Effects",1.01159269724333
2048,"Ref-1.5","Urban Drainage",0.624447499335921
2048,"Ref-1.5","Valley Fever",0.818423977089512
2048,"Ref-1.5","Water Quality",0.432738440676343
2048,"Ref-1.5","Wildfire Health Effects & Suppression",3.09478632545076
2048,"Ref-1.5","Tropical Storm Wind Damages",6.08678022879677
2048,"Ref-1.5","Winter Recreation",0.436714065792431
2049,"Ref-1.5","Ozone and PM2.5 Mortality",13.8847203857678
2049,"Ref-1.5","Coastal Properties",0.0863470937978166
2049,"Ref-1.5","Electricity Demand and Supply",2.72278135754053
2049,"Ref-1.5","Electricity Transmission and Distribution",1.25493900465199
2049,"Ref-1.5","Extreme Temperature Mortality",2.09820014506988
2049,"Ref-1.5","High Tide Flooding and Traffic",1.18266977064608
2049,"Ref-1.5","Inland Flooding Damages",0.221351434964922
2049,"Ref-1.5","Labor (lost wages)",4.55029635683976
2049,"Ref-1.5","Rail",2.03728975629153
2049,"Ref-1.5","Roads",3.57430319396628
2049,"Ref-1.5","Southwest Dust Health Effects",1.0813351976702
2049,"Ref-1.5","Urban Drainage",0.606031654011357
2049,"Ref-1.5","Valley Fever",0.866952666080885
2049,"Ref-1.5","Water Quality",0.465352325279121
2049,"Ref-1.5","Wildfire Health Effects & Suppression",3.24363486332926
2049,"Ref-1.5","Tropical Storm Wind Damages",6.39075209536204
2049,"Ref-1.5","Winter Recreation",0.460986489385198
2050,"Ref-1.5","Ozone and PM2.5 Mortality",14.5126727888528
2050,"Ref-1.5","Coastal Properties",0.094481463486896
2050,"Ref-1.5","Electricity Demand and Supply",2.90718191171943
2050,"Ref-1.5","Electricity Transmission and Distribution",1.34059918962101
2050,"Ref-1.5","Extreme Temperature Mortality",2.38036100926968
2050,"Ref-1.5","High Tide Flooding and Traffic",1.35809921316198
2050,"Ref-1.5","Inland Flooding Damages",0.247321668509183
2050,"Ref-1.5","Labor (lost wages)",4.94559118581809
2050,"Ref-1.5","Rail",2.25797150750422
2050,"Ref-1.5","Roads",3.89970285104433
2050,"Ref-1.5","Southwest Dust Health Effects",1.16021733974187
2050,"Ref-1.5","Urban Drainage",0.598310416618154
2050,"Ref-1.5","Valley Fever",0.923369862922109
2050,"Ref-1.5","Water Quality",0.50063842630089
2050,"Ref-1.5","Wildfire Health Effects & Suppression",3.424706480783
2050,"Ref-1.5","Tropical Storm Wind Damages",6.743731587567
2050,"Ref-1.5","Winter Recreation",0.488797237629883
2051,"Ref-1.5","Ozone and PM2.5 Mortality",15.2337712506083
2051,"Ref-1.5","Coastal Properties",0.101567424330742
2051,"Ref-1.5","Electricity Demand and Supply",3.12757956989088
2051,"Ref-1.5","Electricity Transmission and Distribution",1.43147303731631
2051,"Ref-1.5","Extreme Temperature Mortality",2.66393050573878
2051,"Ref-1.5","High Tide Flooding and Traffic",1.57423074901623
2051,"Ref-1.5","Inland Flooding Damages",0.272864267437911
2051,"Ref-1.5","Labor (lost wages)",5.36511502921866
2051,"Ref-1.5","Rail",2.48850366635428
2051,"Ref-1.5","Roads",4.24407922436258
2051,"Ref-1.5","Southwest Dust Health Effects",1.24427717588462
2051,"Ref-1.5","Urban Drainage",0.596538937407713
2051,"Ref-1.5","Valley Fever",0.984458871973365
2051,"Ref-1.5","Water Quality",0.537160217457646
2051,"Ref-1.5","Wildfire Health Effects & Suppression",3.62473196250397
2051,"Ref-1.5","Tropical Storm Wind Damages",7.12021123493794
2051,"Ref-1.5","Winter Recreation",0.518326188261667
2052,"Ref-1.5","Ozone and PM2.5 Mortality",15.8639237123797
2052,"Ref-1.5","Coastal Properties",0.108840461278829
2052,"Ref-1.5","Electricity Demand and Supply",3.32239818894222
2052,"Ref-1.5","Electricity Transmission and Distribution",1.51016085760616
2052,"Ref-1.5","Extreme Temperature Mortality",2.91395445208019
2052,"Ref-1.5","High Tide Flooding and Traffic",1.81590097412023
2052,"Ref-1.5","Inland Flooding Damages",0.294555651833676
2052,"Ref-1.5","Labor (lost wages)",5.73792807246224
2052,"Ref-1.5","Rail",2.69565716445935
2052,"Ref-1.5","Roads",4.54174285981618
2052,"Ref-1.5","Southwest Dust Health Effects",1.31858868768884
2052,"Ref-1.5","Urban Drainage",0.594049151490959
2052,"Ref-1.5","Valley Fever",1.03825504963048
2052,"Ref-1.5","Water Quality",0.56841471166093
2052,"Ref-1.5","Wildfire Health Effects & Suppression",3.79986708675193
2052,"Ref-1.5","Tropical Storm Wind Damages",7.43496597909665
2052,"Ref-1.5","Winter Recreation",0.543405869858009
2053,"Ref-1.5","Ozone and PM2.5 Mortality",16.580619800024
2053,"Ref-1.5","Coastal Properties",0.116358747902302
2053,"Ref-1.5","Electricity Demand and Supply",3.54463631794237
2053,"Ref-1.5","Electricity Transmission and Distribution",1.60022535248088
2053,"Ref-1.5","Extreme Temperature Mortality",3.19995971942172
2053,"Ref-1.5","High Tide Flooding and Traffic",2.08675155959564
2053,"Ref-1.5","Inland Flooding Damages",0.319301921626392
2053,"Ref-1.5","Labor (lost wages)",6.1624786696424
2053,"Ref-1.5","Rail",2.93234742113558
2053,"Ref-1.5","Roads",4.88191953709377
2053,"Ref-1.5","Southwest Dust Health Effects",1.40323899267408
2053,"Ref-1.5","Urban Drainage",0.591807405604377
2053,"Ref-1.5","Valley Fever",1.09949745341149
2053,"Ref-1.5","Water Quality",0.604186885689888
2053,"Ref-1.5","Wildfire Health Effects & Suppression",3.99915231071815
2053,"Ref-1.5","Tropical Storm Wind Damages",7.79706283710837
2053,"Ref-1.5","Winter Recreation",0.572140507267225
2054,"Ref-1.5","Ozone and PM2.5 Mortality",17.3502957835495
2054,"Ref-1.5","Coastal Properties",0.124155704178166
2054,"Ref-1.5","Electricity Demand and Supply",3.78738209437335
2054,"Ref-1.5","Electricity Transmission and Distribution",1.69840267755222
2054,"Ref-1.5","Extreme Temperature Mortality",3.51582136334725
2054,"Ref-1.5","High Tide Flooding and Traffic",2.38817614460288
2054,"Ref-1.5","Inland Flooding Damages",0.346402505281612
2054,"Ref-1.5","Labor (lost wages)",6.62691606115608
2054,"Ref-1.5","Rail",3.19327958511921
2054,"Ref-1.5","Roads",5.25454617551632
2054,"Ref-1.5","Southwest Dust Health Effects",1.49547918821748
2054,"Ref-1.5","Urban Drainage",0.588571496566388
2054,"Ref-1.5","Valley Fever",1.16600340817343
2054,"Ref-1.5","Water Quality",0.643208211025223
2054,"Ref-1.5","Wildfire Health Effects & Suppression",4.21452843143866
2054,"Ref-1.5","Tropical Storm Wind Damages",8.18967774047281
2054,"Ref-1.5","Winter Recreation",0.603318510312601
2055,"Ref-1.5","Ozone and PM2.5 Mortality",18.1320173572337
2055,"Ref-1.5","Coastal Properties",0.133366425215111
2055,"Ref-1.5","Electricity Demand and Supply",4.04374703865564
2055,"Ref-1.5","Electricity Transmission and Distribution",1.80144961542141
2055,"Ref-1.5","Extreme Temperature Mortality",3.85781531116044
2055,"Ref-1.5","High Tide Flooding and Traffic",2.72508386900568
2055,"Ref-1.5","Inland Flooding Damages",0.375404614727186
2055,"Ref-1.5","Labor (lost wages)",7.1200508943507
2055,"Ref-1.5","Rail",3.47410456146282
2055,"Ref-1.5","Roads",5.65149614392321
2055,"Ref-1.5","Southwest Dust Health Effects",1.59246754315203
2055,"Ref-1.5","Urban Drainage",0.582310963323458
2055,"Ref-1.5","Valley Fever",1.23541352031127
2055,"Ref-1.5","Water Quality",0.684321346925646
2055,"Ref-1.5","Wildfire Health Effects & Suppression",4.43682212880275
2055,"Ref-1.5","Tropical Storm Wind Damages",8.59575700734853
2055,"Ref-1.5","Winter Recreation",0.635711038446314
2056,"Ref-1.5","Ozone and PM2.5 Mortality",18.9519149031508
2056,"Ref-1.5","Coastal Properties",0.140633571470354
2056,"Ref-1.5","Electricity Demand and Supply",4.32508514590346
2056,"Ref-1.5","Electricity Transmission and Distribution",1.91392780690124
2056,"Ref-1.5","Extreme Temperature Mortality",4.23859026932073
2056,"Ref-1.5","High Tide Flooding and Traffic",3.10189357118229
2056,"Ref-1.5","Inland Flooding Damages",0.407273004832193
2056,"Ref-1.5","Labor (lost wages)",7.66260925700593
2056,"Ref-1.5","Rail",3.78656572686556
2056,"Ref-1.5","Roads",6.04365548242279
2056,"Ref-1.5","Southwest Dust Health Effects",1.69749291991707
2056,"Ref-1.5","Urban Drainage",0.572660537550148
2056,"Ref-1.5","Valley Fever",1.30992839585816
2056,"Ref-1.5","Water Quality",0.728847157627052
2056,"Ref-1.5","Wildfire Health Effects & Suppression",4.67320042746061
2056,"Ref-1.5","Tropical Storm Wind Damages",9.02801842603283
2056,"Ref-1.5","Winter Recreation",0.670317836386337
2057,"Ref-1.5","Ozone and PM2.5 Mortality",19.699864412111
2057,"Ref-1.5","Coastal Properties",0.148027675685578
2057,"Ref-1.5","Electricity Demand and Supply",4.59135716297699
2057,"Ref-1.5","Electricity Transmission and Distribution",2.01870954487766
2057,"Ref-1.5","Extreme Temperature Mortality",4.60392592872017
2057,"Ref-1.5","High Tide Flooding and Traffic",3.5149797373907
2057,"Ref-1.5","Inland Flooding Damages",0.437014654333918
2057,"Ref-1.5","Labor (lost wages)",8.17875877470272
2057,"Ref-1.5","Rail",4.08825054480676
2057,"Ref-1.5","Roads",6.40485257438183
2057,"Ref-1.5","Southwest Dust Health Effects",1.79644208211339
2057,"Ref-1.5","Urban Drainage",0.561008584384929
2057,"Ref-1.5","Valley Fever",1.37959182296651
2057,"Ref-1.5","Water Quality",0.770131605665378
2057,"Ref-1.5","Wildfire Health Effects & Suppression",4.89172321615226
2057,"Ref-1.5","Tropical Storm Wind Damages",9.41811450770881
2057,"Ref-1.5","Winter Recreation",0.701932878967845
2058,"Ref-1.5","Ozone and PM2.5 Mortality",20.5070103127674
2058,"Ref-1.5","Coastal Properties",0.15554225038291
2058,"Ref-1.5","Electricity Demand and Supply",4.86477849290128
2058,"Ref-1.5","Electricity Transmission and Distribution",2.12593123834849
2058,"Ref-1.5","Extreme Temperature Mortality",4.9654038069313
2058,"Ref-1.5","High Tide Flooding and Traffic",3.96879693005221
2058,"Ref-1.5","Inland Flooding Damages",0.465848295726228
2058,"Ref-1.5","Labor (lost wages)",8.70452956466657
2058,"Ref-1.5","Rail",4.39387977276075
2058,"Ref-1.5","Roads",6.75956514419375
2058,"Ref-1.5","Southwest Dust Health Effects",1.8984800328291
2058,"Ref-1.5","Urban Drainage",0.553883270860926
2058,"Ref-1.5","Valley Fever",1.45196906692023
2058,"Ref-1.5","Water Quality",0.8116680890083
2058,"Ref-1.5","Wildfire Health Effects & Suppression",5.12165876112143
2058,"Ref-1.5","Tropical Storm Wind Damages",9.81729834786439
2058,"Ref-1.5","Winter Recreation",0.734298319447968
2059,"Ref-1.5","Ozone and PM2.5 Mortality",21.3502680029666
2059,"Ref-1.5","Coastal Properties",0.175652619012273
2059,"Ref-1.5","Electricity Demand and Supply",5.15587073119389
2059,"Ref-1.5","Electricity Transmission and Distribution",2.23962701265168
2059,"Ref-1.5","Extreme Temperature Mortality",5.35412200229538
2059,"Ref-1.5","High Tide Flooding and Traffic",4.95057430621543
2059,"Ref-1.5","Inland Flooding Damages",0.496573601762938
2059,"Ref-1.5","Labor (lost wages)",9.26500366763642
2059,"Ref-1.5","Rail",4.72225777781573
2059,"Ref-1.5","Roads",7.13607799673764
2059,"Ref-1.5","Southwest Dust Health Effects",2.0068339325532
2059,"Ref-1.5","Urban Drainage",0.545253657998022
2059,"Ref-1.5","Valley Fever",1.52853549251157
2059,"Ref-1.5","Water Quality",0.855747168207083
2059,"Ref-1.5","Wildfire Health Effects & Suppression",5.36360173913241
2059,"Ref-1.5","Tropical Storm Wind Damages",10.2374514372439
2059,"Ref-1.5","Winter Recreation",0.768429957647138
2060,"Ref-1.5","Ozone and PM2.5 Mortality",22.2880518935084
2060,"Ref-1.5","Coastal Properties",0.204214906157834
2060,"Ref-1.5","Electricity Demand and Supply",5.45716466961096
2060,"Ref-1.5","Electricity Transmission and Distribution",2.35720684625919
2060,"Ref-1.5","Extreme Temperature Mortality",5.73506158194031
2060,"Ref-1.5","High Tide Flooding and Traffic",6.18698928776975
2060,"Ref-1.5","Inland Flooding Damages",0.526068426844616
2060,"Ref-1.5","Labor (lost wages)",9.83822807657545
2060,"Ref-1.5","Rail",5.0541929534308
2060,"Ref-1.5","Roads",7.50521765314901
2060,"Ref-1.5","Southwest Dust Health Effects",2.11977733630322
2060,"Ref-1.5","Urban Drainage",0.543739657861369
2060,"Ref-1.5","Valley Fever",1.60928503375973
2060,"Ref-1.5","Water Quality",0.900358220317787
2060,"Ref-1.5","Wildfire Health Effects & Suppression",5.62365460677636
2060,"Ref-1.5","Tropical Storm Wind Damages",10.67486017921
2060,"Ref-1.5","Winter Recreation",0.803907268984592
2061,"Ref-1.5","Ozone and PM2.5 Mortality",23.4169546341835
2061,"Ref-1.5","Coastal Properties",0.227793888896745
2061,"Ref-1.5","Electricity Demand and Supply",5.77316247425597
2061,"Ref-1.5","Electricity Transmission and Distribution",2.49245846502696
2061,"Ref-1.5","Extreme Temperature Mortality",6.15629708214625
2061,"Ref-1.5","High Tide Flooding and Traffic",7.18721378204632
2061,"Ref-1.5","Inland Flooding Damages",0.558472989341584
2061,"Ref-1.5","Labor (lost wages)",10.4945965232339
2061,"Ref-1.5","Rail",5.42965324569861
2061,"Ref-1.5","Roads",7.92656348078113
2061,"Ref-1.5","Southwest Dust Health Effects",2.24997005655806
2061,"Ref-1.5","Urban Drainage",0.548015815099919
2061,"Ref-1.5","Valley Fever",1.70298029486776
2061,"Ref-1.5","Water Quality",0.951058820968995
2061,"Ref-1.5","Wildfire Health Effects & Suppression",5.92976102824727
2061,"Ref-1.5","Tropical Storm Wind Damages",11.1853213093593
2061,"Ref-1.5","Winter Recreation",0.845035126751801
2062,"Ref-1.5","Ozone and PM2.5 Mortality",24.4683177745182
2062,"Ref-1.5","Coastal Properties",0.253026229515896
2062,"Ref-1.5","Electricity Demand and Supply",6.05311978477006
2062,"Ref-1.5","Electricity Transmission and Distribution",2.61268654180632
2062,"Ref-1.5","Extreme Temperature Mortality",6.52153076042059
2062,"Ref-1.5","High Tide Flooding and Traffic",8.24382609943492
2062,"Ref-1.5","Inland Flooding Damages",0.585295943894084
2062,"Ref-1.5","Labor (lost wages)",11.084243415071
2062,"Ref-1.5","Rail",5.76713447234552
2062,"Ref-1.5","Roads",8.27975447172566
2062,"Ref-1.5","Southwest Dust Health Effects",2.36786201392298
2062,"Ref-1.5","Urban Drainage",0.555489917615597
2062,"Ref-1.5","Valley Fever",1.7881134464092
2062,"Ref-1.5","Water Quality",0.994999859851622
2062,"Ref-1.5","Wildfire Health Effects & Suppression",6.20992941246423
2062,"Ref-1.5","Tropical Storm Wind Damages",11.627663956644
2062,"Ref-1.5","Winter Recreation",0.881087572361605
2063,"Ref-1.5","Ozone and PM2.5 Mortality",25.4205736945989
2063,"Ref-1.5","Coastal Properties",0.279817833875139
2063,"Ref-1.5","Electricity Demand and Supply",6.31496276049219
2063,"Ref-1.5","Electricity Transmission and Distribution",2.72486678885267
2063,"Ref-1.5","Extreme Temperature Mortality",6.87791062980044
2063,"Ref-1.5","High Tide Flooding and Traffic",9.35473464977784
2063,"Ref-1.5","Inland Flooding Damages",0.610752897558237
2063,"Ref-1.5","Labor (lost wages)",11.6475556582996
2063,"Ref-1.5","Rail",6.09588480755665
2063,"Ref-1.5","Roads",8.60898730563741
2063,"Ref-1.5","Southwest Dust Health Effects",2.47904542102412
2063,"Ref-1.5","Urban Drainage",0.558233587969248
2063,"Ref-1.5","Valley Fever",1.86755784571097
2063,"Ref-1.5","Water Quality",1.03593022388433
2063,"Ref-1.5","Wildfire Health Effects & Suppression",6.46777219066038
2063,"Ref-1.5","Tropical Storm Wind Damages",12.0255816821977
2063,"Ref-1.5","Winter Recreation",0.913975379532028
2064,"Ref-1.5","Ozone and PM2.5 Mortality",26.4843050384292
2064,"Ref-1.5","Coastal Properties",0.308288416435101
2064,"Ref-1.5","Electricity Demand and Supply",6.60670921762617
2064,"Ref-1.5","Electricity Transmission and Distribution",2.84985651115665
2064,"Ref-1.5","Extreme Temperature Mortality",7.27236463526092
2064,"Ref-1.5","High Tide Flooding and Traffic",10.524385359546
2064,"Ref-1.5","Inland Flooding Damages",0.639037771665024
2064,"Ref-1.5","Labor (lost wages)",12.2711634514864
2064,"Ref-1.5","Rail",6.45968204888694
2064,"Ref-1.5","Roads",8.97632230011637
2064,"Ref-1.5","Southwest Dust Health Effects",2.60257521976786
2064,"Ref-1.5","Urban Drainage",0.562339964578532
2064,"Ref-1.5","Valley Fever",1.95592936188937
2064,"Ref-1.5","Water Quality",1.08159372849596
2064,"Ref-1.5","Wildfire Health Effects & Suppression",6.75514120979867
2064,"Ref-1.5","Tropical Storm Wind Damages",12.4730284703698
2064,"Ref-1.5","Winter Recreation",0.950800412376942
2065,"Ref-1.5","Ozone and PM2.5 Mortality",27.629648233369
2065,"Ref-1.5","Coastal Properties",0.358143145552837
2065,"Ref-1.5","Electricity Demand and Supply",6.91646467190245
2065,"Ref-1.5","Electricity Transmission and Distribution",2.98267365709066
2065,"Ref-1.5","Extreme Temperature Mortality",7.68680594945367
2065,"Ref-1.5","High Tide Flooding and Traffic",11.7508294163737
2065,"Ref-1.5","Inland Flooding Damages",0.668518523500115
2065,"Ref-1.5","Labor (lost wages)",12.9319297466177
2065,"Ref-1.5","Rail",6.84502534533102
2065,"Ref-1.5","Roads",9.36155415053251
2065,"Ref-1.5","Southwest Dust Health Effects",2.73411661983185
2065,"Ref-1.5","Urban Drainage",0.568501348774439
2065,"Ref-1.5","Valley Fever",2.05020173947567
2065,"Ref-1.5","Water Quality",1.12987075762511
2065,"Ref-1.5","Wildfire Health Effects & Suppression",7.06272052180706
2065,"Ref-1.5","Tropical Storm Wind Damages",12.9488645690185
2065,"Ref-1.5","Winter Recreation",0.98994955268906
2066,"Ref-1.5","Ozone and PM2.5 Mortality",28.8601410331436
2066,"Ref-1.5","Coastal Properties",0.40462833055065
2066,"Ref-1.5","Electricity Demand and Supply",7.24869296626922
2066,"Ref-1.5","Electricity Transmission and Distribution",3.12775711969044
2066,"Ref-1.5","Extreme Temperature Mortality",8.15305005708698
2066,"Ref-1.5","High Tide Flooding and Traffic",13.0439220097802
2066,"Ref-1.5","Inland Flooding Damages",0.701658536879311
2066,"Ref-1.5","Labor (lost wages)",13.6709120299195
2066,"Ref-1.5","Rail",7.27782530705683
2066,"Ref-1.5","Roads",9.80537018865251
2066,"Ref-1.5","Southwest Dust Health Effects",2.87897496936404
2066,"Ref-1.5","Urban Drainage",0.572434905217212
2066,"Ref-1.5","Valley Fever",2.15299349800843
2066,"Ref-1.5","Water Quality",1.18299898185293
2066,"Ref-1.5","Wildfire Health Effects & Suppression",7.39603258735174
2066,"Ref-1.5","Tropical Storm Wind Damages",13.4686977642248
2066,"Ref-1.5","Winter Recreation",1.03257602573747
2067,"Ref-1.5","Ozone and PM2.5 Mortality",30.4498676596703
2067,"Ref-1.5","Coastal Properties",0.455632195822649
2067,"Ref-1.5","Electricity Demand and Supply",6.90409784780854
2067,"Ref-1.5","Electricity Transmission and Distribution",3.08923941373717
2067,"Ref-1.5","Extreme Temperature Mortality",7.9901477185306
2067,"Ref-1.5","High Tide Flooding and Traffic",14.3995502672854
2067,"Ref-1.5","Inland Flooding Damages",0.732713868440914
2067,"Ref-1.5","Labor (lost wages)",14.9627571756819
2067,"Ref-1.5","Rail",9.14622255786578
2067,"Ref-1.5","Roads",10.4771141261806
2067,"Ref-1.5","Southwest Dust Health Effects",3.01826749920894
2067,"Ref-1.5","Urban Drainage",0.208064622216643
2067,"Ref-1.5","Valley Fever",2.23044747163514
2067,"Ref-1.5","Water Quality",1.09168022200448
2067,"Ref-1.5","Wildfire Health Effects & Suppression",8.9256083706886
2067,"Ref-1.5","Tropical Storm Wind Damages",18.7312904734523
2067,"Ref-1.5","Winter Recreation",1.15178246751592
2068,"Ref-1.5","Ozone and PM2.5 Mortality",32.953624060341
2068,"Ref-1.5","Coastal Properties",0.51105605651594
2068,"Ref-1.5","Electricity Demand and Supply",7.15887630471217
2068,"Ref-1.5","Electricity Transmission and Distribution",3.22444515787964
2068,"Ref-1.5","Extreme Temperature Mortality",8.7035653179478
2068,"Ref-1.5","High Tide Flooding and Traffic",15.8134366929321
2068,"Ref-1.5","Inland Flooding Damages",0.752078771329436
2068,"Ref-1.5","Labor (lost wages)",15.7373770376309
2068,"Ref-1.5","Rail",9.53744177292396
2068,"Ref-1.5","Roads",11.1502470611014
2068,"Ref-1.5","Southwest Dust Health Effects",3.11014335125558
2068,"Ref-1.5","Urban Drainage",0.242780272246889
2068,"Ref-1.5","Valley Fever",2.28699157186255
2068,"Ref-1.5","Water Quality",1.14319245075424
2068,"Ref-1.5","Wildfire Health Effects & Suppression",9.08688340232721
2068,"Ref-1.5","Tropical Storm Wind Damages",19.1879323172475
2068,"Ref-1.5","Winter Recreation",1.1971085735145
2069,"Ref-1.5","Ozone and PM2.5 Mortality",35.6785551851666
2069,"Ref-1.5","Coastal Properties",0.571049810738914
2069,"Ref-1.5","Electricity Demand and Supply",7.43999672602125
2069,"Ref-1.5","Electricity Transmission and Distribution",3.37264352540592
2069,"Ref-1.5","Extreme Temperature Mortality",9.46740493792826
2069,"Ref-1.5","High Tide Flooding and Traffic",17.2864309579712
2069,"Ref-1.5","Inland Flooding Damages",0.773071721642094
2069,"Ref-1.5","Labor (lost wages)",16.5771368913004
2069,"Ref-1.5","Rail",9.95873138738379
2069,"Ref-1.5","Roads",11.8690848565741
2069,"Ref-1.5","Southwest Dust Health Effects",3.21198811274737
2069,"Ref-1.5","Urban Drainage",0.282563855757889
2069,"Ref-1.5","Valley Fever",2.35056915448246
2069,"Ref-1.5","Water Quality",1.19932143644323
2069,"Ref-1.5","Wildfire Health Effects & Suppression",9.27120354360354
2069,"Ref-1.5","Tropical Storm Wind Damages",19.6941722323774
2069,"Ref-1.5","Winter Recreation",1.24675453189917
2070,"Ref-1.5","Ozone and PM2.5 Mortality",38.4384247600627
2070,"Ref-1.5","Coastal Properties",0.635209191173392
2070,"Ref-1.5","Electricity Demand and Supply",7.73338638653655
2070,"Ref-1.5","Electricity Transmission and Distribution",3.52568246365363
2070,"Ref-1.5","Extreme Temperature Mortality",10.2189068740189
2070,"Ref-1.5","High Tide Flooding and Traffic",18.8158182726475
2070,"Ref-1.5","Inland Flooding Damages",0.794082569950392
2070,"Ref-1.5","Labor (lost wages)",17.435032024274
2070,"Ref-1.5","Rail",10.3906731522334
2070,"Ref-1.5","Roads",12.571767300649
2070,"Ref-1.5","Southwest Dust Health Effects",3.32154432459625
2070,"Ref-1.5","Urban Drainage",0.325895079061347
2070,"Ref-1.5","Valley Fever",2.42067053090819
2070,"Ref-1.5","Water Quality",1.25627367352108
2070,"Ref-1.5","Wildfire Health Effects & Suppression",9.48196676845203
2070,"Ref-1.5","Tropical Storm Wind Damages",20.2191654551936
2070,"Ref-1.5","Winter Recreation",1.29756562555891
2071,"Ref-1.5","Ozone and PM2.5 Mortality",41.3126190683126
2071,"Ref-1.5","Coastal Properties",0.710233849368
2071,"Ref-1.5","Electricity Demand and Supply",8.05348862247182
2071,"Ref-1.5","Electricity Transmission and Distribution",3.68961272633554
2071,"Ref-1.5","Extreme Temperature Mortality",10.9658680558201
2071,"Ref-1.5","High Tide Flooding and Traffic",20.5588464275329
2071,"Ref-1.5","Inland Flooding Damages",0.815766743947194
2071,"Ref-1.5","Labor (lost wages)",18.3511504596409
2071,"Ref-1.5","Rail",10.8510047424921
2071,"Ref-1.5","Roads",13.3466360479088
2071,"Ref-1.5","Southwest Dust Health Effects",3.43855742721508
2071,"Ref-1.5","Urban Drainage",0.375970415280042
2071,"Ref-1.5","Valley Fever",2.50213811787467
2071,"Ref-1.5","Water Quality",1.31562856831664
2071,"Ref-1.5","Wildfire Health Effects & Suppression",9.73794641366202
2071,"Ref-1.5","Tropical Storm Wind Damages",20.7889082317486
2071,"Ref-1.5","Winter Recreation",1.35120060160229
2072,"Ref-1.5","Ozone and PM2.5 Mortality",44.2258188416095
2072,"Ref-1.5","Coastal Properties",0.788950649809625
2072,"Ref-1.5","Electricity Demand and Supply",8.38189121401651
2072,"Ref-1.5","Electricity Transmission and Distribution",3.85709849929737
2072,"Ref-1.5","Extreme Temperature Mortality",11.7116201255335
2072,"Ref-1.5","High Tide Flooding and Traffic",22.3211964103165
2072,"Ref-1.5","Inland Flooding Damages",0.837465446761153
2072,"Ref-1.5","Labor (lost wages)",19.2855267105496
2072,"Ref-1.5","Rail",11.3218569841771
2072,"Ref-1.5","Roads",14.1211009203748
2072,"Ref-1.5","Southwest Dust Health Effects",3.5603607000102
2072,"Ref-1.5","Urban Drainage",0.427935691087542
2072,"Ref-1.5","Valley Fever",2.58777558807336
2072,"Ref-1.5","Water Quality",1.37559220164215
2072,"Ref-1.5","Wildfire Health Effects & Suppression",10.0100438255385
2072,"Ref-1.5","Tropical Storm Wind Damages",21.3687125667449
2072,"Ref-1.5","Winter Recreation",1.40556405322049
2073,"Ref-1.5","Ozone and PM2.5 Mortality",46.9832144956946
2073,"Ref-1.5","Coastal Properties",0.871041673935165
2073,"Ref-1.5","Electricity Demand and Supply",8.69077412120954
2073,"Ref-1.5","Electricity Transmission and Distribution",4.01506912247135
2073,"Ref-1.5","Extreme Temperature Mortality",12.4226389050644
2073,"Ref-1.5","High Tide Flooding and Traffic",24.0954608495675
2073,"Ref-1.5","Inland Flooding Damages",0.857505244848795
2073,"Ref-1.5","Labor (lost wages)",20.1809556475775
2073,"Ref-1.5","Rail",11.7781734016845
2073,"Ref-1.5","Roads",14.8530918790257
2073,"Ref-1.5","Southwest Dust Health Effects",3.67597293079908
2073,"Ref-1.5","Urban Drainage",0.475583719108604
2073,"Ref-1.5","Valley Fever",2.66913613587339
2073,"Ref-1.5","Water Quality",1.43157400743004
2073,"Ref-1.5","Wildfire Health Effects & Suppression",10.2679696514251
2073,"Ref-1.5","Tropical Storm Wind Damages",21.9023939573723
2073,"Ref-1.5","Winter Recreation",1.45610704715129
2074,"Ref-1.5","Ozone and PM2.5 Mortality",49.9068849580846
2074,"Ref-1.5","Coastal Properties",0.956495996177443
2074,"Ref-1.5","Electricity Demand and Supply",9.01914780009463
2074,"Ref-1.5","Electricity Transmission and Distribution",4.18273265316963
2074,"Ref-1.5","Extreme Temperature Mortality",13.1714478895613
2074,"Ref-1.5","High Tide Flooding and Traffic",25.8845055025327
2074,"Ref-1.5","Inland Flooding Damages",0.878637272656369
2074,"Ref-1.5","Labor (lost wages)",21.1279259125696
2074,"Ref-1.5","Rail",12.2592464804676
2074,"Ref-1.5","Roads",15.6237351092411
2074,"Ref-1.5","Southwest Dust Health Effects",3.79905305279483
2074,"Ref-1.5","Urban Drainage",0.526658250814513
2074,"Ref-1.5","Valley Fever",2.75604382720334
2074,"Ref-1.5","Water Quality",1.49080498382661
2074,"Ref-1.5","Wildfire Health Effects & Suppression",10.5440235655775
2074,"Ref-1.5","Tropical Storm Wind Damages",22.4694881052147
2074,"Ref-1.5","Winter Recreation",1.50965149315668
2075,"Ref-1.5","Ozone and PM2.5 Mortality",52.7113941252122
2075,"Ref-1.5","Coastal Properties",1.07624207348755
2075,"Ref-1.5","Electricity Demand and Supply",9.33196097289281
2075,"Ref-1.5","Electricity Transmission and Distribution",4.34290799892684
2075,"Ref-1.5","Extreme Temperature Mortality",13.8952710199701
2075,"Ref-1.5","High Tide Flooding and Traffic",27.6792449420876
2075,"Ref-1.5","Inland Flooding Damages",0.898451790757022
2075,"Ref-1.5","Labor (lost wages)",22.0452977417008
2075,"Ref-1.5","Rail",12.7297744782554
2075,"Ref-1.5","Roads",16.3624671324983
2075,"Ref-1.5","Southwest Dust Health Effects",3.91707805852792
2075,"Ref-1.5","Urban Drainage",0.574145528788205
2075,"Ref-1.5","Valley Fever",2.83940939060335
2075,"Ref-1.5","Water Quality",1.54689528105208
2075,"Ref-1.5","Wildfire Health Effects & Suppression",10.8079735768123
2075,"Ref-1.5","Tropical Storm Wind Damages",22.9991248548533
2075,"Ref-1.5","Winter Recreation",1.56014114876226
2076,"Ref-1.5","Ozone and PM2.5 Mortality",55.7982848670897
2076,"Ref-1.5","Coastal Properties",1.15743374561823
2076,"Ref-1.5","Electricity Demand and Supply",9.67580150941525
2076,"Ref-1.5","Electricity Transmission and Distribution",4.51917056148657
2076,"Ref-1.5","Extreme Temperature Mortality",14.6913470546842
2076,"Ref-1.5","High Tide Flooding and Traffic",29.5012835156811
2076,"Ref-1.5","Inland Flooding Damages",0.920257044043369
2076,"Ref-1.5","Labor (lost wages)",23.0660422687835
2076,"Ref-1.5","Rail",13.246660863396
2076,"Ref-1.5","Roads",17.0230952417131
2076,"Ref-1.5","Southwest Dust Health Effects",4.04708625314418
2076,"Ref-1.5","Urban Drainage",0.626518347704005
2076,"Ref-1.5","Valley Fever",2.9299133319904
2076,"Ref-1.5","Water Quality",1.60803942323496
2076,"Ref-1.5","Wildfire Health Effects & Suppression",11.0936128993812
2076,"Ref-1.5","Tropical Storm Wind Damages",23.5825707996988
2076,"Ref-1.5","Winter Recreation",1.61509877432535
2077,"Ref-1.5","Ozone and PM2.5 Mortality",58.731686911654
2077,"Ref-1.5","Coastal Properties",1.24049656281696
2077,"Ref-1.5","Electricity Demand and Supply",9.99983452116534
2077,"Ref-1.5","Electricity Transmission and Distribution",4.68590357577039
2077,"Ref-1.5","Extreme Temperature Mortality",15.4554567630189
2077,"Ref-1.5","High Tide Flooding and Traffic",31.3337260095746
2077,"Ref-1.5","Inland Flooding Damages",0.940473725147992
2077,"Ref-1.5","Labor (lost wages)",24.0481594415062
2077,"Ref-1.5","Rail",13.7488767534418
2077,"Ref-1.5","Roads",17.6330174581742
2077,"Ref-1.5","Southwest Dust Health Effects",4.17046976920566
2077,"Ref-1.5","Urban Drainage",0.674446309493534
2077,"Ref-1.5","Valley Fever",3.01562728162752
2077,"Ref-1.5","Water Quality",1.66526708124241
2077,"Ref-1.5","Wildfire Health Effects & Suppression",11.3628929493879
2077,"Ref-1.5","Tropical Storm Wind Damages",24.120229454609
2077,"Ref-1.5","Winter Recreation",1.66625763416227
2078,"Ref-1.5","Ozone and PM2.5 Mortality",61.7930918580122
2078,"Ref-1.5","Coastal Properties",1.32558047940045
2078,"Ref-1.5","Electricity Demand and Supply",10.3310253882586
2078,"Ref-1.5","Electricity Transmission and Distribution",4.85738972903789
2078,"Ref-1.5","Extreme Temperature Mortality",16.268294232103
2078,"Ref-1.5","High Tide Flooding and Traffic",33.1861174148054
2078,"Ref-1.5","Inland Flooding Damages",0.961401133224281
2078,"Ref-1.5","Labor (lost wages)",25.068417522119
2078,"Ref-1.5","Rail",14.2696301485125
2078,"Ref-1.5","Roads",18.2727266554133
2078,"Ref-1.5","Southwest Dust Health Effects",4.29477579753002
2078,"Ref-1.5","Urban Drainage",0.722154395451742
2078,"Ref-1.5","Valley Fever",3.10107250658133
2078,"Ref-1.5","Water Quality",1.72440979669761
2078,"Ref-1.5","Wildfire Health Effects & Suppression",11.6265454635823
2078,"Ref-1.5","Tropical Storm Wind Damages",24.6668574672402
2078,"Ref-1.5","Winter Recreation",1.71875693894272
2079,"Ref-1.5","Ozone and PM2.5 Mortality",64.9172335293972
2079,"Ref-1.5","Coastal Properties",1.412836870558
2079,"Ref-1.5","Electricity Demand and Supply",10.6566647121223
2079,"Ref-1.5","Electricity Transmission and Distribution",5.02803242569645
2079,"Ref-1.5","Extreme Temperature Mortality",17.1275767521487
2079,"Ref-1.5","High Tide Flooding and Traffic",35.0587897543144
2079,"Ref-1.5","Inland Flooding Damages",0.982473500345967
2079,"Ref-1.5","Labor (lost wages)",26.105604408361
2079,"Ref-1.5","Rail",14.7993352387018
2079,"Ref-1.5","Roads",18.9334215770438
2079,"Ref-1.5","Southwest Dust Health Effects",4.41401631208153
2079,"Ref-1.5","Urban Drainage",0.766474989849767
2079,"Ref-1.5","Valley Fever",3.18127027007159
2079,"Ref-1.5","Water Quality",1.7837679779172
2079,"Ref-1.5","Wildfire Health Effects & Suppression",11.8652992403796
2079,"Ref-1.5","Tropical Storm Wind Damages",25.1978852017862
2079,"Ref-1.5","Winter Recreation",1.77075066534663
2080,"Ref-1.5","Ozone and PM2.5 Mortality",68.3262348013457
2080,"Ref-1.5","Coastal Properties",1.4981274395339
2080,"Ref-1.5","Electricity Demand and Supply",11.008473074873
2080,"Ref-1.5","Electricity Transmission and Distribution",5.21277671411058
2080,"Ref-1.5","Extreme Temperature Mortality",18.0708791093885
2080,"Ref-1.5","High Tide Flooding and Traffic",36.9587239959995
2080,"Ref-1.5","Inland Flooding Damages",1.00549821743992
2080,"Ref-1.5","Labor (lost wages)",27.226964183272
2080,"Ref-1.5","Rail",15.3681687042208
2080,"Ref-1.5","Roads",19.6593781603701
2080,"Ref-1.5","Southwest Dust Health Effects",4.54106995183994
2080,"Ref-1.5","Urban Drainage",0.814298294930025
2080,"Ref-1.5","Valley Fever",3.26619668251781
2080,"Ref-1.5","Water Quality",1.84842467989538
2080,"Ref-1.5","Wildfire Health Effects & Suppression",12.1149496448572
2080,"Ref-1.5","Tropical Storm Wind Damages",25.7749652573388
2080,"Ref-1.5","Winter Recreation",1.82726923970712
2081,"Ref-1.5","Ozone and PM2.5 Mortality",71.6238549008338
2081,"Ref-1.5","Coastal Properties",1.58552162819976
2081,"Ref-1.5","Electricity Demand and Supply",11.3404486592216
2081,"Ref-1.5","Electricity Transmission and Distribution",5.39422315849359
2081,"Ref-1.5","Extreme Temperature Mortality",18.9683552679282
2081,"Ref-1.5","High Tide Flooding and Traffic",38.8776211005215
2081,"Ref-1.5","Inland Flooding Damages",1.0273201087992
2081,"Ref-1.5","Labor (lost wages)",28.3473029081694
2081,"Ref-1.5","Rail",15.9382398346477
2081,"Ref-1.5","Roads",20.3633849005232
2081,"Ref-1.5","Southwest Dust Health Effects",4.6710278139749
2081,"Ref-1.5","Urban Drainage",0.861975172959557
2081,"Ref-1.5","Valley Fever",3.3532538543359
2081,"Ref-1.5","Water Quality",1.91009619605453
2081,"Ref-1.5","Wildfire Health Effects & Suppression",12.376991101924
2081,"Ref-1.5","Tropical Storm Wind Damages",26.3341618300918
2081,"Ref-1.5","Winter Recreation",1.88129529794259
2082,"Ref-1.5","Ozone and PM2.5 Mortality",75.2198520153945
2082,"Ref-1.5","Coastal Properties",1.67488685434427
2082,"Ref-1.5","Electricity Demand and Supply",11.7117374477824
2082,"Ref-1.5","Electricity Transmission and Distribution",5.5950043869206
2082,"Ref-1.5","Extreme Temperature Mortality",19.9216459227667
2082,"Ref-1.5","High Tide Flooding and Traffic",40.8221920126443
2082,"Ref-1.5","Inland Flooding Damages",1.05122223071519
2082,"Ref-1.5","Labor (lost wages)",29.5643602601595
2082,"Ref-1.5","Rail",16.5540251417468
2082,"Ref-1.5","Roads",21.1177245562275
2082,"Ref-1.5","Southwest Dust Health Effects",4.81768641890756
2082,"Ref-1.5","Urban Drainage",0.917569953203106
2082,"Ref-1.5","Valley Fever",3.45306697938806
2082,"Ref-1.5","Water Quality",1.97792996785635
2082,"Ref-1.5","Wildfire Health Effects & Suppression",12.6837084539384
2082,"Ref-1.5","Tropical Storm Wind Damages",26.9642531277578
2082,"Ref-1.5","Winter Recreation",1.94126959197429
2083,"Ref-1.5","Ozone and PM2.5 Mortality",78.792838090696
2083,"Ref-1.5","Coastal Properties",1.76606932292388
2083,"Ref-1.5","Electricity Demand and Supply",12.0845039346775
2083,"Ref-1.5","Electricity Transmission and Distribution",5.79633104025409
2083,"Ref-1.5","Extreme Temperature Mortality",20.8567378813182
2083,"Ref-1.5","High Tide Flooding and Traffic",42.791017758516
2083,"Ref-1.5","Inland Flooding Damages",1.07463906045512
2083,"Ref-1.5","Labor (lost wages)",30.7846380320581
2083,"Ref-1.5","Rail",17.1741922002114
2083,"Ref-1.5","Roads",21.8460149030288
2083,"Ref-1.5","Southwest Dust Health Effects",4.96756065194765
2083,"Ref-1.5","Urban Drainage",0.973912700475651
2083,"Ref-1.5","Valley Fever",3.5559712877065
2083,"Ref-1.5","Water Quality",2.04502884272471
2083,"Ref-1.5","Wildfire Health Effects & Suppression",13.0037218961728
2083,"Ref-1.5","Tropical Storm Wind Damages",27.5913373499528
2083,"Ref-1.5","Winter Recreation",2.00074551849864
2084,"Ref-1.5","Ozone and PM2.5 Mortality",82.6024912770424
2084,"Ref-1.5","Coastal Properties",1.85914074384854
2084,"Ref-1.5","Electricity Demand and Supply",12.4897969308204
2084,"Ref-1.5","Electricity Transmission and Distribution",6.01364979769421
2084,"Ref-1.5","Extreme Temperature Mortality",21.8314848456365
2084,"Ref-1.5","High Tide Flooding and Traffic",44.7910780901505
2084,"Ref-1.5","Inland Flooding Damages",1.09960775028741
2084,"Ref-1.5","Labor (lost wages)",32.0849241301363
2084,"Ref-1.5","Rail",17.8331042864133
2084,"Ref-1.5","Roads",22.6077653975009
2084,"Ref-1.5","Southwest Dust Health Effects",5.13215085282268
2084,"Ref-1.5","Urban Drainage",1.0368773146305
2084,"Ref-1.5","Valley Fever",3.67032159006558
2084,"Ref-1.5","Water Quality",2.11693256664674
2084,"Ref-1.5","Wildfire Health Effects & Suppression",13.3645915112472
2084,"Ref-1.5","Tropical Storm Wind Damages",28.2750379810002
2084,"Ref-1.5","Winter Recreation",2.06492052452452
2085,"Ref-1.5","Ozone and PM2.5 Mortality",86.1967860095504
2085,"Ref-1.5","Coastal Properties",2.90891654357658
2085,"Ref-1.5","Electricity Demand and Supply",12.869597668148
2085,"Ref-1.5","Electricity Transmission and Distribution",6.218699411664
2085,"Ref-1.5","Extreme Temperature Mortality",22.7551599989034
2085,"Ref-1.5","High Tide Flooding and Traffic",46.8099331278921
2085,"Ref-1.5","Inland Flooding Damages",1.12257767153693
2085,"Ref-1.5","Labor (lost wages)",33.3290125176708
2085,"Ref-1.5","Rail",18.4696823739724
2085,"Ref-1.5","Roads",23.3063872654032
2085,"Ref-1.5","Southwest Dust Health Effects",5.28884638636539
2085,"Ref-1.5","Urban Drainage",1.09483584722806
2085,"Ref-1.5","Valley Fever",3.77917186121419
2085,"Ref-1.5","Water Quality",2.18380524885385
2085,"Ref-1.5","Wildfire Health Effects & Suppression",13.7080465547267
2085,"Ref-1.5","Tropical Storm Wind Damages",28.9041865380266
2085,"Ref-1.5","Winter Recreation",2.12435884079455
2086,"Ref-1.5","Ozone and PM2.5 Mortality",89.5932878350565
2086,"Ref-1.5","Coastal Properties",3.96895935381244
2086,"Ref-1.5","Electricity Demand and Supply",13.2216532192639
2086,"Ref-1.5","Electricity Transmission and Distribution",6.35439352992647
2086,"Ref-1.5","Extreme Temperature Mortality",23.6953374130674
2086,"Ref-1.5","High Tide Flooding and Traffic",48.8488818009859
2086,"Ref-1.5","Inland Flooding Damages",1.14683609160347
2086,"Ref-1.5","Labor (lost wages)",34.584765394906
2086,"Ref-1.5","Rail",19.4574444263322
2086,"Ref-1.5","Roads",23.7870176380012
2086,"Ref-1.5","Southwest Dust Health Effects",5.47122433879816
2086,"Ref-1.5","Urban Drainage",1.14203047137661
2086,"Ref-1.5","Valley Fever",3.87854025059964
2086,"Ref-1.5","Water Quality",2.24185584107572
2086,"Ref-1.5","Wildfire Health Effects & Suppression",14.0023974346402
2086,"Ref-1.5","Tropical Storm Wind Damages",29.4158724710986
2086,"Ref-1.5","Winter Recreation",2.1777457763257
2087,"Ref-1.5","Ozone and PM2.5 Mortality",93.4578586061544
2087,"Ref-1.5","Coastal Properties",5.08324796667716
2087,"Ref-1.5","Electricity Demand and Supply",13.6168388948412
2087,"Ref-1.5","Electricity Transmission and Distribution",6.42385551334194
2087,"Ref-1.5","Extreme Temperature Mortality",24.8379005066107
2087,"Ref-1.5","High Tide Flooding and Traffic",50.9032501433291
2087,"Ref-1.5","Inland Flooding Damages",1.17918569365483
2087,"Ref-1.5","Labor (lost wages)",36.0483323003458
2087,"Ref-1.5","Rail",21.1031222261843
2087,"Ref-1.5","Roads",24.0620787417335
2087,"Ref-1.5","Southwest Dust Health Effects",5.72541790115631
2087,"Ref-1.5","Urban Drainage",1.18918174934406
2087,"Ref-1.5","Valley Fever",3.99086146798629
2087,"Ref-1.5","Water Quality",2.30270660487779
2087,"Ref-1.5","Wildfire Health Effects & Suppression",14.3021221653277
2087,"Ref-1.5","Tropical Storm Wind Damages",29.9164106878328
2087,"Ref-1.5","Winter Recreation",2.23772519315813
2088,"Ref-1.5","Ozone and PM2.5 Mortality",97.1435536803407
2088,"Ref-1.5","Coastal Properties",6.25012135423122
2088,"Ref-1.5","Electricity Demand and Supply",13.9846161025605
2088,"Ref-1.5","Electricity Transmission and Distribution",6.48357350214095
2088,"Ref-1.5","Extreme Temperature Mortality",25.9531335145659
2088,"Ref-1.5","High Tide Flooding and Traffic",52.9731329307624
2088,"Ref-1.5","Inland Flooding Damages",1.2095986284716
2088,"Ref-1.5","Labor (lost wages)",37.4621111577313
2088,"Ref-1.5","Rail",22.7256505393412
2088,"Ref-1.5","Roads",24.310853730795
2088,"Ref-1.5","Southwest Dust Health Effects",5.96748031631554
2088,"Ref-1.5","Urban Drainage",1.23039414091518
2088,"Ref-1.5","Valley Fever",4.09431583763677
2088,"Ref-1.5","Water Quality",2.35927960947454
2088,"Ref-1.5","Wildfire Health Effects & Suppression",14.5704206947021
2088,"Ref-1.5","Tropical Storm Wind Damages",30.3647137847789
2088,"Ref-1.5","Winter Recreation",2.29315288965578
2089,"Ref-1.5","Ozone and PM2.5 Mortality",101.022603633983
2089,"Ref-1.5","Coastal Properties",7.46892438401614
2089,"Ref-1.5","Electricity Demand and Supply",14.3648325267617
2089,"Ref-1.5","Electricity Transmission and Distribution",6.53786169005023
2089,"Ref-1.5","Extreme Temperature Mortality",27.1476940338489
2089,"Ref-1.5","High Tide Flooding and Traffic",55.0599634106471
2089,"Ref-1.5","Inland Flooding Damages",1.24176873041817
2089,"Ref-1.5","Labor (lost wages)",38.9477211093274
2089,"Ref-1.5","Rail",24.4808933416299
2089,"Ref-1.5","Roads",24.5648464772896
2089,"Ref-1.5","Southwest Dust Health Effects",6.22152800631226
2089,"Ref-1.5","Urban Drainage",1.27144323059009
2089,"Ref-1.5","Valley Fever",4.19907375098062
2089,"Ref-1.5","Water Quality",2.41807924657823
2089,"Ref-1.5","Wildfire Health Effects & Suppression",14.8327454710994
2089,"Ref-1.5","Tropical Storm Wind Damages",30.8207344208179
2089,"Ref-1.5","Winter Recreation",2.35073633006737
2090,"Ref-1.5","Ozone and PM2.5 Mortality",105.073952968223
2090,"Ref-1.5","Coastal Properties",8.73521809249234
2090,"Ref-1.5","Electricity Demand and Supply",14.7545973810832
2090,"Ref-1.5","Electricity Transmission and Distribution",6.58580590036013
2090,"Ref-1.5","Extreme Temperature Mortality",28.4176658922736
2090,"Ref-1.5","High Tide Flooding and Traffic",57.1687134900757
2090,"Ref-1.5","Inland Flooding Damages",1.27547928262238
2090,"Ref-1.5","Labor (lost wages)",40.4988059569346
2090,"Ref-1.5","Rail",26.3647925176294
2090,"Ref-1.5","Roads",24.8214028173557
2090,"Ref-1.5","Southwest Dust Health Effects",6.48613053829489
2090,"Ref-1.5","Urban Drainage",1.3117902558639
2090,"Ref-1.5","Valley Fever",4.30420919093365
2090,"Ref-1.5","Water Quality",2.478657934133
2090,"Ref-1.5","Wildfire Health Effects & Suppression",15.0859822600352
2090,"Ref-1.5","Tropical Storm Wind Damages",31.2795265029967
2090,"Ref-1.5","Winter Recreation",2.41000498619128
